,Name,Price,Recorded_On,Search_Word,Link,ISBN-10,ISBN-13,Language,Paperback,Publisher,File Size,Print Length,Publication Date,Simultaneous Device Usage,Failed SS,Series,Hardcover,Page Numbers Source ISBN
0,Python-Data-Science-Handbook-Essential,$28.12,2019-02-01,Data Science,https://www.amazon.com/Python-Data-Science-Handbook-Essential/dp/1491912057,9781491912058,978-1491912058,English,548 pages,"O'Reilly Media; 1 edition (December 10, 2016)",,,,,,,,
1,Python-Data-Science-Handbook-Essential-ebook,$26.71,2019-02-01,Data Science,https://www.amazon.com/Python-Data-Science-Handbook-Essential-ebook/dp/B01N2JT3ST,,,,,"O'Reilly Media; 1 edition (November 21, 2016)",22324 KB,550 pages,"November 21, 2016",Unlimited,,,,
2,Data-Science-Press-Essential-Knowledge-ebook,$8.63,2019-02-01,Data Science,https://www.amazon.com/Data-Science-Press-Essential-Knowledge-ebook/dp/B07C4HKQ9N,,,,,,,,,,True,,,
3,Data-Science-Press-Essential-Knowledge,$14.35,2019-02-01,Data Science,https://www.amazon.com/Data-Science-Press-Essential-Knowledge/dp/0262535432,0262535432,,English,280 pages,"The MIT Press (April 13, 2018)",,,,,,MIT Press Essential Knowledge series<br/>,,
4,Data-Science-Business-Data-Analytic-Thinking,$14.33,2019-02-01,Data Science,https://www.amazon.com/Data-Science-Business-Data-Analytic-Thinking/dp/1449361323&selectObb=rent,,,,,,,,,,True,,,
5,Data-Science-Business-Data-Analytic-Thinking,$28.66,2019-02-01,Data Science,https://www.amazon.com/Data-Science-Business-Data-Analytic-Thinking/dp/1449361323&selectObb=rent,,,,,,,,,,True,,,
6,Data-Science-Business-Data-Analytic-Thinking-ebook,$20.48,2019-02-02,Data Science,https://www.amazon.com/Data-Science-Business-Data-Analytic-Thinking-ebook/dp/B00E6EQ3X4&selectObb=rent,,,,,,,,,,True,,,
7,Data-Science-Scratch-Principles-Python,$21.50,2019-02-02,Data Science,https://www.amazon.com/Data-Science-Scratch-Principles-Python/dp/149190142X,149190142X,978-1491901427,English,330 pages,"O'Reilly Media; 1 edition (April 30, 2015)",,,,,,,,
8,Data-Science-Scratch-Principles-Python-ebook,$19.49,2019-02-02,Data Science,https://www.amazon.com/Data-Science-Scratch-Principles-Python-ebook/dp/B00W4DTP2A&selectObb=rent,,,,,,,,,,True,,,
9,Data-Science-Transform-Visualize-Model,$23.62,2019-02-02,Data Science,https://www.amazon.com/Data-Science-Transform-Visualize-Model/dp/1491910399,1491910399,978-1491910399,English,522 pages,"O'Reilly Media; 1 edition (January 5, 2017)",,,,,,,,
10,Data-Science-Transform-Visualize-Model-ebook,$19.49,2019-02-02,Data Science,https://www.amazon.com/Data-Science-Transform-Visualize-Model-ebook/dp/B01NAJAEN5,,,,,"O'Reilly Media; 1 edition (December 12, 2016)",47120 KB,522 pages,"December 12, 2016",Unlimited,,,,
11,Hands-Machine-Learning-Scikit-Learn-TensorFlow,$29.35,2019-02-02,Data Science,https://www.amazon.com/Hands-Machine-Learning-Scikit-Learn-TensorFlow/dp/1491962291,1491962291,978-1491962299,English,574 pages,"O'Reilly Media; 1 edition (April 9, 2017)",,,,,,,,
12,Hands-Machine-Learning-Scikit-Learn-TensorFlow-ebook,$24.99,2019-02-02,Data Science,https://www.amazon.com/Hands-Machine-Learning-Scikit-Learn-TensorFlow-ebook/dp/B06XNKV5TS,,,,,"O'Reilly Media; 1 edition (March 13, 2017)",68608 KB,576 pages,"March 13, 2017",Unlimited,,,,
13,Numsense-Data-Science-Layman-Added,$28.99,2019-02-02,Data Science,https://www.amazon.com/Numsense-Data-Science-Layman-Added/dp/9811110689,9811110689,978-9811110689,English,146 pages,"Annalyn Ng &amp; Kenneth Soo; 1 edition (March 24, 2017)",,,,,,,,
14,Numsense-Data-Science-Layman-Added-ebook,$3.99,2019-02-02,Data Science,https://www.amazon.com/Numsense-Data-Science-Layman-Added-ebook/dp/B01N29ZEM6,,,,,,,,,,True,,,
15,Science-Scratch-Python-Step-Step-ebook,$9.99,2019-02-02,Data Science,https://www.amazon.com/Science-Scratch-Python-Step-Step-ebook/dp/B07GRDWJ5L,,,,,"AI Sciences LLC; 2 edition (August 20, 2018)",5627 KB,169 pages,"August 20, 2018",Unlimited,,,,
16,Science-Scratch-Python-Step-Step,$14.95,2019-02-02,Data Science,https://www.amazon.com/Science-Scratch-Python-Step-Step/dp/1726020681,1726020681,978-1726020688,English,167 pages,"CreateSpace Independent Publishing Platform; 2 edition (August 21, 2018)",,,,,,,,
17,What-Data-Science-Mike-Loukides-ebook,$0.00,2019-02-02,Data Science,https://www.amazon.com/What-Data-Science-Mike-Loukides-ebook/dp/B007R8BHAK,,,,,"O'Reilly Media; 1 edition (April 10, 2011)",1589 KB,27 pages,"April 10, 2012",Unlimited,,,,
18,Heard-Data-Science-Interviews-Interview,$47.99,2019-02-02,Data Science,https://www.amazon.com/Heard-Data-Science-Interviews-Interview/dp/1727287320,1727287320,978-1727287325,English,240 pages,"CreateSpace Independent Publishing Platform (October 3, 2018)",,,,,,,,
19,Data-Smart-Science-Transform-Information,$18.51,2019-02-02,Data Science,https://www.amazon.com/Data-Smart-Science-Transform-Information/dp/111866146X,111866146X,978-1118661468,English,432 pages,"Wiley; 1 edition (November 4, 2013)",,,,,,,,
20,Data-Smart-Science-Transform-Information-ebook,$23.99,2019-02-02,Data Science,https://www.amazon.com/Data-Smart-Science-Transform-Information-ebook/dp/B00F0WRXI0,,,,,,,,,,True,,,
21,Doing-Data-Science-Straight-Frontline,$26.09,2019-02-02,Data Science,https://www.amazon.com/Doing-Data-Science-Straight-Frontline/dp/1449358659,1449358659,978-1449358655,English,408 pages,"O'Reilly Media; 1 edition (November 3, 2013)",,,,,,,,
22,Doing-Data-Science-Straight-Frontline-ebook,$24.79,2019-02-02,Data Science,https://www.amazon.com/Doing-Data-Science-Straight-Frontline-ebook/dp/B00FRSNHDC&selectObb=rent,,,,,,,,,,True,,,
23,Naked-Statistics-Stripping-Dread-Data,$15.26,2019-02-02,Data Science,https://www.amazon.com/Naked-Statistics-Stripping-Dread-Data/dp/039334777X,9780393347777,978-0393347777,English,304 pages,"W. W. Norton &amp; Company; 1 edition (January 13, 2014)",,,,,,,,
24,Naked-Statistics-Stripping-Dread-Data-ebook,$10.94,2019-02-02,Data Science,https://www.amazon.com/Naked-Statistics-Stripping-Dread-Data-ebook/dp/B007Q6XLF2,,,,,,,,,,True,,,
25,Data-Analytics-Made-Accessible-2018-ebook,$9.99,2019-02-02,Data Science,https://www.amazon.com/Data-Analytics-Made-Accessible-2018-ebook/dp/B00K2I2JL8,,,,,,,,,,True,,,
26,Introduction-Data-Science-Jeffrey-Saltz,$48.60,2019-02-02,Data Science,https://www.amazon.com/Introduction-Data-Science-Jeffrey-Saltz/dp/150637753X,150637753X,978-1506377537,English,288 pages,"SAGE Publications, Inc; First edition (October 6, 2017)",,,,,,,,
27,Introduction-Data-Science-Jeffrey-Saltz-ebook,$31.00,2019-02-02,Data Science,https://www.amazon.com/Introduction-Data-Science-Jeffrey-Saltz-ebook/dp/B075C8F6B3,,,,,,,,,,True,,,
28,Science-Design-Manual-Texts-Computer,$54.92,2019-02-02,Data Science,https://www.amazon.com/Science-Design-Manual-Texts-Computer/dp/3319554433,9783319554433,,English,,"Springer; 1st ed. 2017 edition (July 1, 2017)",,,,,,Texts in Computer Science<br/>,445 pages,
29,Science-Design-Manual-Texts-Computer-ebook,$55.99,2019-02-02,Data Science,https://www.amazon.com/Science-Design-Manual-Texts-Computer-ebook/dp/B073N5ZDMK,,,,,,,,,,True,,,
30,Data-Science-Dummies-Computers-ebook,$15.99,2019-02-02,Data Science,https://www.amazon.com/Data-Science-Dummies-Computers-ebook/dp/B06WWPG3NH,,,,,,,,,,True,,,
31,Data-Science-Dummies-2nd-Computers,$22.82,2019-02-02,Data Science,https://www.amazon.com/Data-Science-Dummies-2nd-Computers/dp/1119327636,9781119327639,,English,384 pages,"For Dummies; 2 edition (March 6, 2017)",,,,,,For Dummies (Computers)<br/>,,
32,Data-Science-Executives-Leveraging-Intelligence-ebook,$9.99,2019-02-02,Data Science,https://www.amazon.com/Data-Science-Executives-Leveraging-Intelligence-ebook/dp/B07JBBNJQW,,,,,"Lioncrest Publishing (October 10, 2018)",4223 KB,184 pages,"October 10, 2018",Unlimited,,,,
33,Data-Science-Executives-Leveraging-Intelligence,$15.80,2019-02-02,Data Science,https://www.amazon.com/Data-Science-Executives-Leveraging-Intelligence/dp/1544511256,1544511256,978-1544511252,English,266 pages,"Lioncrest Publishing (October 12, 2018)",,,,,,,,
34,Storytelling-Data-Visualization-Business-Professionals,$20.12,2019-02-02,Data Science,https://www.amazon.com/Storytelling-Data-Visualization-Business-Professionals/dp/1119002257,1119002257,978-1119002253,English,288 pages,"Wiley; 1 edition (November 2, 2015)",,,,,,,,
35,Storytelling-Data-Visualization-Business-Professionals-ebook,$19.11,2019-02-02,Data Science,https://www.amazon.com/Storytelling-Data-Visualization-Business-Professionals-ebook/dp/B016DHQSM2,,,,,,,,,,True,,,
36,Data-Science-Warehousing-Visualization-Regression-ebook,$4.99,2019-02-02,Data Science,https://www.amazon.com/Data-Science-Warehousing-Visualization-Regression-ebook/dp/B07K5YB7RF,,,,,,,,,,True,,,
37,Malware-Data-Science-Detection-Attribution,$27.70,2019-02-02,Data Science,https://www.amazon.com/Malware-Data-Science-Detection-Attribution/dp/1593278594,9781593278595,978-1593278595,English,272 pages,"No Starch Press (September 25, 2018)",,,,,,,,
38,Malware-Data-Science-Detection-Attribution-ebook,$29.99,2019-02-02,Data Science,https://www.amazon.com/Malware-Data-Science-Detection-Attribution-ebook/dp/B077X1V9SY,,,,,,,,,,True,,,
39,Data-Science-Handbook-Field-Cady,$56.89,2019-02-02,Data Science,https://www.amazon.com/Data-Science-Handbook-Field-Cady/dp/1119092949,1119092949,978-1119092940,English,,"Wiley; 1 edition (February 28, 2017)",,,,,,,416 pages,
40,Data-Science-Handbook-Field-Cady-ebook,$35.78,2019-02-02,Data Science,https://www.amazon.com/Data-Science-Handbook-Field-Cady-ebook/dp/B01N9ZUWWS,,,,,,,,,,True,,,
41,Think-Like-Scientist-step-step,$35.09,2019-02-02,Data Science,https://www.amazon.com/Think-Like-Scientist-step-step/dp/1633430278,9781633430273,978-1633430273,English,328 pages,"Manning Publications; 1 edition (April 2, 2017)",,,,,,,,
42,Data-Analysis-Scratch-Python-Visualization-ebook,$5.99,2019-02-02,Data Science,https://www.amazon.com/Data-Analysis-Scratch-Python-Visualization-ebook/dp/B07GFQCKNR,,,,,"AI Sciences LLC; 2 edition (August 13, 2018)",4439 KB,153 pages,"August 13, 2018",Unlimited,,,,
43,Analysis-Scratch-Python-Step-Step,$15.95,2019-02-02,Data Science,https://www.amazon.com/Analysis-Scratch-Python-Step-Step/dp/1725678098,1725678098,978-1725678095,English,151 pages,"CreateSpace Independent Publishing Platform; 2 edition (August 14, 2018)",,,,,,,,
44,Python-Data-Analysis-Wrangling-IPython,$44.42,2019-02-02,Data Science,https://www.amazon.com/Python-Data-Analysis-Wrangling-IPython/dp/1491957662,1491957662,978-1491957660,English,550 pages,"O'Reilly Media; 2 edition (October 20, 2017)",,,,,,,,
45,Python-Data-Analysis-Wrangling-IPython-ebook,$29.99,2019-02-02,Data Science,https://www.amazon.com/Python-Data-Analysis-Wrangling-IPython-ebook/dp/B075X4LT6K,,,,,"O'Reilly Media; 2 edition (September 25, 2017)",11202 KB,550 pages,"September 25, 2017",Unlimited,,,,
46,Data-Center-True-Cost-Internet,$1.99,2019-02-02,Data Science,https://www.amazon.com/Data-Center-True-Cost-Internet/dp/B074PG4LZH,,,,,,,,,,True,,,
47,Value-Your-Personal-Data,$2.99,2019-02-02,Data Science,https://www.amazon.com/Value-Your-Personal-Data/dp/B01MT68IKS,,,,,,,,,,True,,,
48,Statistics-Art-Science-Learning-Data,$25.49,2019-02-02,Data Science,https://www.amazon.com/Statistics-Art-Science-Learning-Data/dp/0321997832&selectObb=rent,,,,,,,,,,True,,,
49,Statistics-Art-Science-Learning-Data,$194.48,2019-02-02,Data Science,https://www.amazon.com/Statistics-Art-Science-Learning-Data/dp/0321997832&selectObb=rent,,,,,,,,,,True,,,
50,Statistics-Science-Learning-Data-Global,$59.45,2019-02-02,Data Science,https://www.amazon.com/Statistics-Science-Learning-Data-Global/dp/1292164778,,,,,,,,,,True,,,
51,Practical-Statistics-Data-Scientists-Essential-ebook,$24.99,2019-02-02,Data Science,https://www.amazon.com/Practical-Statistics-Data-Scientists-Essential-ebook/dp/B071NVDFD6,,,,,"O'Reilly Media; 1 edition (May 10, 2017)",21119 KB,318 pages,"May 10, 2017",Unlimited,,,,
52,Practical-Statistics-Data-Scientists-Essential,$43.98,2019-02-02,Data Science,https://www.amazon.com/Practical-Statistics-Data-Scientists-Essential/dp/1491952962,1491952962,978-1491952962,English,318 pages,"O'Reilly Media; 1 edition (May 28, 2017)",,,,,,,,
53,Practical-Data-Science-Nina-Zumel,$39.38,2019-02-02,Data Science,https://www.amazon.com/Practical-Data-Science-Nina-Zumel/dp/1617291560,1617291560,978-1617291562,English,389 pages,"Manning; 1st edition (April 13, 2014)",,,,,,,,
54,Ethics-Data-Science-Mike-Loukides-ebook,$0.00,2019-02-02,Data Science,https://www.amazon.com/Ethics-Data-Science-Mike-Loukides-ebook/dp/B07GTC8ZN7,,,,,"O'Reilly Media; 1 edition (July 25, 2018)",3386 KB,41 pages,"August 21, 2018",Unlimited,,,,
55,Practical-Data-Science-Nina-Zumel,$39.38,2019-02-02,Data Science,https://www.amazon.com/Practical-Data-Science-Nina-Zumel/dp/1617291560,1617291560,978-1617291562,English,389 pages,"Manning; 1st edition (April 13, 2014)",,,,,,,,
56,Business-Intelligence-Analytics-Data-Science,$42.63,2019-02-02,Data Science,https://www.amazon.com/Business-Intelligence-Analytics-Data-Science/dp/0134633288&selectObb=rent,,,,,,,,,,True,,,
57,Business-Intelligence-Analytics-Data-Science,$98.42,2019-02-02,Data Science,https://www.amazon.com/Business-Intelligence-Analytics-Data-Science/dp/0134633288&selectObb=rent,,,,,,,,,,True,,,
58,Business-Intelligence-Analytics-Data-Science-ebook,$67.99,2019-02-02,Data Science,https://www.amazon.com/Business-Intelligence-Analytics-Data-Science-ebook/dp/B01N5RQVHE&selectObb=rent,,,,,,,,,,True,,,
59,Modern-Science-Chapman-Texts-Statistical,$42.04,2019-02-02,Data Science,https://www.amazon.com/Modern-Science-Chapman-Texts-Statistical/dp/1498724485&selectObb=rent,,,,,,,,,,True,,,
60,Modern-Science-Chapman-Texts-Statistical,$84.06,2019-02-02,Data Science,https://www.amazon.com/Modern-Science-Chapman-Texts-Statistical/dp/1498724485&selectObb=rent,,,,,,,,,,True,,,
61,Modern-Science-Chapman-Texts-Statistical-ebook,$79.61,2019-02-02,Data Science,https://www.amazon.com/Modern-Science-Chapman-Texts-Statistical-ebook/dp/B06XPNZ4H2,,,,,"Chapman and Hall/CRC; 1 edition (March 16, 2017)",102845 KB,582 pages,"March 16, 2017","Up to 4 simultaneous devices, per publisher limits",,,,
62,Data-Science-Big-Analytics-Discovering,$45.92,2019-02-02,Data Science,https://www.amazon.com/Data-Science-Big-Analytics-Discovering/dp/111887613X,111887613X,978-1118876138,English,,"Wiley; 1 edition (January 27, 2015)",,,,,,,432 pages,
63,Data-Science-Big-Analytics-Discovering-ebook,$37.66,2019-02-02,Data Science,https://www.amazon.com/Data-Science-Big-Analytics-Discovering-ebook/dp/B00RXHVQF6,,,,,,,,,,True,,,
64,Data-Science-Google-Cloud-Platform,$45.25,2019-02-02,Data Science,https://www.amazon.com/Data-Science-Google-Cloud-Platform/dp/1491974567,1491974567,978-1491974568,English,410 pages,"O'Reilly Media; 1 edition (January 12, 2018)",,,,,,,,
65,Data-Science-Google-Cloud-Platform-ebook,$29.99,2019-02-02,Data Science,https://www.amazon.com/Data-Science-Google-Cloud-Platform-ebook/dp/B0787L7RK3,,,,,"O'Reilly Media; 1 edition (December 12, 2017)",22687 KB,412 pages,"December 12, 2017",Unlimited,,,,
66,Big-Data-Science-Analytics-Hands,$60.00,2019-02-02,Data Science,https://www.amazon.com/Big-Data-Science-Analytics-Hands/dp/0996025537,0996025537,978-0996025539,English,542 pages,"VPT; 1 edition (April 15, 2016)",,,,,,,,
67,Big-Data-Science-Analytics-Hands,$68.84,2019-02-02,Data Science,https://www.amazon.com/Big-Data-Science-Analytics-Hands/dp/B01K95TSKI,,,,,,,,,,True,,,
68,Torture-Data-Funny-Geek-Coffee,$13.50,2019-02-02,Data Science,https://www.amazon.com/Torture-Data-Funny-Geek-Coffee/dp/B06XJCNP4X,,,,,,,,,,True,,,
69,Computer-Age-Statistical-Inference-Mathematical,$49.93,2019-02-02,Data Science,https://www.amazon.com/Computer-Age-Statistical-Inference-Mathematical/dp/1107149894,1107149894,,English,,"Cambridge University Press; 1 edition (July 21, 2016)",,,,,,Institute of Mathematical Statistics Monographs (Book 5)<br/>,495 pages,
70,Computer-Age-Statistical-Inference-Mathematical-ebook,$36.49,2019-02-02,Data Science,https://www.amazon.com/Computer-Age-Statistical-Inference-Mathematical-ebook/dp/B01L27MR64,,,,,"Cambridge University Press; 1 edition (July 21, 2016)",11310 KB,496 pages,"August 30, 2016","Up to 4 simultaneous devices, per publisher limits",,,,
71,Fundamentals-Machine-Learning-Predictive-Analytics,$54.14,2019-02-02,Data Science,https://www.amazon.com/Fundamentals-Machine-Learning-Predictive-Analytics/dp/0262029448,0262029448,,English,,"The MIT Press; 1 edition (July 24, 2015)",,,,,,The MIT Press<br/>,624 pages,
72,Fundamentals-Machine-Learning-Predictive-Analytics-ebook,$65.51,2019-02-02,Data Science,https://www.amazon.com/Fundamentals-Machine-Learning-Predictive-Analytics-ebook/dp/B013FHC8CM,,,,,,,,,,True,,,
73,Hands-Machine-Learning-Python-Applications-ebook,$9.99,2019-02-02,Data Science,https://www.amazon.com/Hands-Machine-Learning-Python-Applications-ebook/dp/B07G4M16JF,,,,,"AI Sciences LLC; 1 edition (August 1, 2018)",8030 KB,225 pages,"August 1, 2018",Unlimited,,,,
74,Hands-Machine-Learning-Python-Anderson,$15.95,2019-02-02,Data Science,https://www.amazon.com/Hands-Machine-Learning-Python-Anderson/dp/1724731963,1724731963,978-1724731968,English,223 pages,"CreateSpace Independent Publishing Platform; 1 edition (August 6, 2018)",,,,,,,,
75,Programming-Skills-Data-Science-Addison-Wesley,$39.28,2019-02-02,Data Science,https://www.amazon.com/Programming-Skills-Data-Science-Addison-Wesley/dp/0135133106,0135133106,,English,384 pages,"Addison-Wesley Professional; 1 edition (December 8, 2018)",,,,,,Addison-Wesley Data &amp; Analytics Series<br/>,,
76,Programming-Skills-Data-Science-Addison-Wesley-ebook,$31.19,2019-02-02,Data Science,https://www.amazon.com/Programming-Skills-Data-Science-Addison-Wesley-ebook/dp/B07KMDCHT2,,,,,"Addison-Wesley Professional; 1 edition (November 23, 2018)",77182 KB,384 pages,,"Up to 5 simultaneous devices, per publisher limits",,,,0135133106
77,Python-Data-Science-Dummies-Computer,$18.38,2019-02-02,Data Science,https://www.amazon.com/Python-Data-Science-Dummies-Computer/dp/1118844181,1118844181,,English,432 pages,"For Dummies; 1 edition (July 7, 2015)",,,,,,For Dummies (Computer/Tech)<br/>,,
78,Python-Data-Science-Dummies-Computer-ebook,$15.99,2019-02-02,Data Science,https://www.amazon.com/Python-Data-Science-Dummies-Computer-ebook/dp/B00TWK3RHW,,,,,,,,,,True,,,
79,Data-Science-Visual-Illustrations-Examples-ebook,$9.99,2019-02-02,Data Science,https://www.amazon.com/Data-Science-Visual-Illustrations-Examples-ebook/dp/B07KNBFGFZ,,,,,,,,,,True,,,
80,Data-Science-Visual-Illustrations-Examples,$19.50,2019-02-02,Data Science,https://www.amazon.com/Data-Science-Visual-Illustrations-Examples/dp/1729017452,1729017452,978-1729017456,English,266 pages,"Independently published (November 17, 2018)",,,,,,,,
81,Big-Data-Now-Current-Perspectives-ebook,$0.00,2019-02-02,Data Science,https://www.amazon.com/Big-Data-Now-Current-Perspectives-ebook/dp/B005KDPILI,,,,,"O'Reilly Media; 1 edition (August 30, 2011)",3283 KB,149 pages,"August 30, 2011",Unlimited,,,,
82,Machine-Learning-Algorithms-algorithms-learning,$49.99,2019-02-02,Data Science,https://www.amazon.com/Machine-Learning-Algorithms-algorithms-learning/dp/1789347998,1789347998,978-1789347999,English,522 pages,"Packt Publishing - ebooks Account; 2nd Revised edition edition (August 30, 2018)",,,,,,,,
83,Machine-Learning-Algorithms-algorithms-learning-ebook,$31.19,2019-02-02,Data Science,https://www.amazon.com/Machine-Learning-Algorithms-algorithms-learning-ebook/dp/B07CSLQGNC,,,,,,,,,,True,,,
84,Big-Data-Now-Current-Perspectives-ebook,$0.00,2019-02-02,Data Science,https://www.amazon.com/Big-Data-Now-Current-Perspectives-ebook/dp/B005KDPILI,,,,,"O'Reilly Media; 1 edition (August 30, 2011)",3283 KB,149 pages,"August 30, 2011",Unlimited,,,,
85,Machine-Learning-Algorithms-algorithms-learning,$49.99,2019-02-02,Data Science,https://www.amazon.com/Machine-Learning-Algorithms-algorithms-learning/dp/1789347998,1789347998,978-1789347999,English,522 pages,"Packt Publishing - ebooks Account; 2nd Revised edition edition (August 30, 2018)",,,,,,,,
86,Machine-Learning-Algorithms-algorithms-learning-ebook,$31.19,2019-02-02,Data Science,https://www.amazon.com/Machine-Learning-Algorithms-algorithms-learning-ebook/dp/B07CSLQGNC,,,,,,,,,,True,,,
87,Two-Types-Science-T-Shirt-Heather,$14.99,2019-02-02,Data Science,https://www.amazon.com/Two-Types-Science-T-Shirt-Heather/dp/B0763W8MR1,,,,,,,,,,True,,,
88,Hands-Science-Python-Machine-Learning,$39.99,2019-02-02,Data Science,https://www.amazon.com/Hands-Science-Python-Machine-Learning/dp/1787280748,9781787280748,978-1787280748,English,420 pages,"Packt Publishing - ebooks Account (July 31, 2017)",,,,,,,,
89,Hands-Science-Python-Machine-Learning-ebook,$19.79,2019-02-02,Data Science,https://www.amazon.com/Hands-Science-Python-Machine-Learning-ebook/dp/B072QBVXGH,,,,,,,,,,True,,,
90,1107149894-9781107149892-Statistical-Inference-Hardcover,$139.32,2019-02-02,Data Science,https://www.amazon.com/1107149894-9781107149892-Statistical-Inference-Hardcover/dp/B07KSBDM2Q,,,,,,,,,,True,,,
91,Wireless-Temperature-Monitoring-Unlimited-Historical,$149.00,2019-02-02,Data Science,https://www.amazon.com/Wireless-Temperature-Monitoring-Unlimited-Historical/dp/B01HH7YD2Y,,,,,,,,,,True,,,
92,Entertainment-Science-Analytics-Practical-Theory,$116.10,2019-02-02,Data Science,https://www.amazon.com/Entertainment-Science-Analytics-Practical-Theory/dp/3319892908,3319892908,978-3319892900,English,,"Springer; 1st ed. 2019 edition (August 2, 2018)",,,,,,,865 pages,
93,Entertainment-Science-Analytics-Practical-Theory-ebook,$95.20,2019-02-02,Data Science,https://www.amazon.com/Entertainment-Science-Analytics-Practical-Theory-ebook/dp/B07FMNPV2T,,,,,,,,,,True,,,
94,Machine-Learning-Essentials-Everybody-understand-ebook,$5.99,2019-02-02,Data Science,https://www.amazon.com/Machine-Learning-Essentials-Everybody-understand-ebook/dp/B07N15P5FV,,,,,"AI Sciences LLC (January 21, 2019)",4300 KB,108 pages,"January 21, 2019",Unlimited,,,,
95,Like-Data-Maybe-People-Science,$14.99,2019-02-02,Data Science,https://www.amazon.com/Like-Data-Maybe-People-Science/dp/B07GW38JFH,,,,,,,,,,True,,,
96,Karono-Standard-Footprint-Connector-Patching,$12.99,2019-02-02,Data Science,https://www.amazon.com/Karono-Standard-Footprint-Connector-Patching/dp/B07FRSVZLP,,,,,,,,,,True,,,
97,Building-Data-Science-Teams-Patil-ebook,$0.00,2019-02-02,Data Science,https://www.amazon.com/Building-Data-Science-Teams-Patil-ebook/dp/B005O4U3ZE,,,,,"Radar; 1 edition (September 15, 2011)",1638 KB,31 pages,"September 15, 2011",Unlimited,,,,
98,Excel-with-Business-Introduction-Science,$29.00,2019-02-02,Data Science,https://www.amazon.com/Excel-with-Business-Introduction-Science/dp/B076MXMXV1,,,,,,,,,,True,,,
99,Meaning-Data-Statistics-Courses-Mathematics,$15.92,2019-02-02,Data Science,https://www.amazon.com/Meaning-Data-Statistics-Courses-Mathematics/dp/B000RC2RP2,,,,,,,,,,True,,,
100,Data-Science-Transforming-Health-Care-ebook,$0.00,2019-02-02,Data Science,https://www.amazon.com/Data-Science-Transforming-Health-Care-ebook/dp/B008Y1O0M6,,,,,"O'Reilly Media; 1 edition (August 24, 2012)",242 KB,27 pages,"August 31, 2012",Unlimited,,,,
101,Meaning-Data-Statistics-Courses-Mathematics,$15.92,2019-02-02,Data Science,https://www.amazon.com/Meaning-Data-Statistics-Courses-Mathematics/dp/B000RC2RP2,,,,,,,,,,True,,,
102,Data-Jujitsu-Turning-into-Product-ebook,$0.00,2019-02-02,Data Science,https://www.amazon.com/Data-Jujitsu-Turning-into-Product-ebook/dp/B008HMN5BE,,,,,"O'Reilly Media; 1 edition (November 14, 2012)",1509 KB,32 pages,"July 19, 2012",Unlimited,,,,
103,Davis-Instruments-6510USB-WeatherLink-Software,$124.45,2019-02-02,Data Science,https://www.amazon.com/Davis-Instruments-6510USB-WeatherLink-Software/dp/B001AMKC14,,,,,,,,,,True,,,
104,Principles-Data-Science-techniques-making,$26.63,2019-02-02,Data Science,https://www.amazon.com/Principles-Data-Science-techniques-making/dp/1785887912,9781785887918,978-1785887918,English,388 pages,"Packt Publishing - ebooks Account (December 16, 2016)",,,,,,,,
105,Principles-Data-Science-techniques-making-ebook,$22.39,2019-02-02,Data Science,https://www.amazon.com/Principles-Data-Science-techniques-making-ebook/dp/B01A8T8YNC,,,,,,,,,,True,,,
106,Data-Science-Create-Questions-Deliver-ebook,$19.24,2019-02-02,Data Science,https://www.amazon.com/Data-Science-Create-Questions-Deliver-ebook/dp/B01N421L60,,,,,,,,,,True,,,
107,Data-Science-Create-Questions-Deliver,$37.41,2019-02-02,Data Science,https://www.amazon.com/Data-Science-Create-Questions-Deliver/dp/1484222520,9781484222522,978-1484222522,English,251 pages,"Apress; 1st ed. edition (November 18, 2016)",,,,,,,,
108,SARA-NELL-Computer-Jumpsuit-Bodysuit,$12.99,2019-02-02,Data Science,https://www.amazon.com/SARA-NELL-Computer-Jumpsuit-Bodysuit/dp/B07J5MFKGS,,,,,,,,,,True,,,
109,Agile-Data-Science-2-0-Applications,$31.33,2019-02-02,Data Science,https://www.amazon.com/Agile-Data-Science-2-0-Applications/dp/1491960116,1491960116,978-1491960110,English,352 pages,"O'Reilly Media; 1 edition (June 23, 2017)",,,,,,,,
110,Agile-Data-Science-2-0-Applications-ebook,$22.99,2019-02-02,Data Science,https://www.amazon.com/Agile-Data-Science-2-0-Applications-ebook/dp/B072MKL34K,,,,,"O'Reilly Media; 1 edition (June 7, 2017)",18164 KB,352 pages,"June 7, 2017",Unlimited,,,,
111,Extech-EX542-Industrial-MultiMeter-Datalogger,$286.35,2019-02-02,Data Science,https://www.amazon.com/Extech-EX542-Industrial-MultiMeter-Datalogger/dp/B004WN6HIU,,,,,,,,,,True,,,
112,Turret-Group-Data-Centre-Management,$69.51,2019-02-02,Data Science,https://www.amazon.com/Turret-Group-Data-Centre-Management/dp/B00BMFDY82,,,,,,,,,,True,,,
113,JONATHAN-KE-QUAN-Data-Autograph,$45.00,2019-02-02,Data Science,https://www.amazon.com/JONATHAN-KE-QUAN-Data-Autograph/dp/B00ITX9YMU,,,,,,,,,,True,,,
114,Data-Science-Approach-Computational-Reasoning,$67.38,2019-02-02,Data Science,https://www.amazon.com/Data-Science-Approach-Computational-Reasoning/dp/1482234815,1482234815,,English,539 pages,"Chapman and Hall/CRC; 1 edition (April 23, 2015)",,,,,,Chapman &amp; Hall/CRC The R Series (Book 26)<br/>,,
115,Data-Science-Approach-Computational-Reasoning-ebook,$68.35,2019-02-02,Data Science,https://www.amazon.com/Data-Science-Approach-Computational-Reasoning-ebook/dp/B00VHPANKO&selectObb=rent,,,,,,,,,,True,,,
116,Compatible-Nintendo-Cartridges-Anti-Shock-Accessories-Storage,$12.99,2019-02-02,Data Science,https://www.amazon.com/Compatible-Nintendo-Cartridges-Anti-Shock-Accessories-Storage/dp/B07L5JGKF8,,,,,,,,,,True,,,
117,Important-Science-Interview-Questions-Answers-ebook,$5.66,2019-02-02,Data Science,https://www.amazon.com/Important-Science-Interview-Questions-Answers-ebook/dp/B07MTNFG7M,,,,,,,,,,True,,,
118,Data-Science-Applications-Bharatendra-Rai,$2.99,2019-02-02,Data Science,https://www.amazon.com/Data-Science-Applications-Bharatendra-Rai/dp/B07KY3QQKL,,,,,,,,,,True,,,
