,Name,Price,Recorded_On,Search_Word,Link,ISBN-10,ISBN-13,Language,Paperback,Publisher,Failed SS,Cards,Hardcover,Audio CD,File Size,Page Numbers Source ISBN,Print Length,Publication Date,Simultaneous Device Usage,Series,Diary,Age Range
0,Eat-That-Frog-Great-Procrastinating,$10.84,2019-02-02,eat that frog,https://www.amazon.com/Eat-That-Frog-Great-Procrastinating/dp/162656941X,162656941X,978-1626569416,English,144 pages,"Berrett-Koehler Publishers; 3 edition (April 17, 2017)",,,,,,,,,,,,
1,Eat-That-Frog-Great-Procrastinating-ebook,$8.02,2019-02-02,eat that frog,https://www.amazon.com/Eat-That-Frog-Great-Procrastinating-ebook/dp/B01MYEM8SZ,,,,,,True,,,,,,,,,,,
2,That-Frog-Action-Workbook-Procrastinating,$13.56,2019-02-02,eat that frog,https://www.amazon.com/That-Frog-Action-Workbook-Procrastinating/dp/1523084707,1523084707,978-1523084708,English,144 pages,"Berrett-Koehler Publishers; 1 edition (July 24, 2017)",,,,,,,,,,,,
3,Eat-That-Frog-Cards-Procrastinating,$10.84,2019-02-02,eat that frog,https://www.amazon.com/Eat-That-Frog-Cards-Procrastinating/dp/1523084693,1523084693,978-1523084692,English,,"Berrett-Koehler Publishers; 1 edition (August 29, 2017)",,56 pages,,,,,,,,,,
4,Eat-That-Frog-Great-Procrastinating,$14.54,2019-02-02,eat that frog,https://www.amazon.com/Eat-That-Frog-Great-Procrastinating/dp/1458794350,1458794350,978-1458794352,English,166 pages,"ReadHowYouWant (December 8, 2016)",,,,,,,,,,,,
5,Eat-That-Frog-Great-Procrastinating,$18.46,2019-02-02,eat that frog,https://www.amazon.com/Eat-That-Frog-Great-Procrastinating/dp/1608100197,1608100197,978-1608100194,English,,"Simple Truths (January 1, 2013)",,,153 pages,,,,,,,,,
6,Power-Self-Confidence-Unstoppable-Irresistible-Unafraid,$19.84,2019-02-02,eat that frog,https://www.amazon.com/Power-Self-Confidence-Unstoppable-Irresistible-Unafraid/dp/1118435915,1118435915,978-1118435915,English,,"Wiley; 1 edition (September 19, 2012)",,,192 pages,,,,,,,,,
7,Power-Self-Confidence-Unstoppable-Irresistible-Unafraid-ebook,$13.00,2019-02-02,eat that frog,https://www.amazon.com/Power-Self-Confidence-Unstoppable-Irresistible-Unafraid-ebook/dp/B008ZPBJKW,,,,,,True,,,,,,,,,,,
8,Eat-That-Frog-Brian-Tracy-ebook,$5.58,2019-02-02,eat that frog,https://www.amazon.com/Eat-That-Frog-Brian-Tracy-ebook/dp/B071CQ53CM,,,,,,True,,,,,,,,,,,
9,Eat-That-Frog-Daily-planner,$7.95,2019-02-02,eat that frog,https://www.amazon.com/Eat-That-Frog-Daily-planner/dp/151974871X,151974871X,978-1519748713,English,100 pages,"CreateSpace Independent Publishing Platform (December 8, 2015)",,,,,,,,,,,,
10,That-Frog-Great-Ways-Procrastinating,$17.03,2019-02-02,eat that frog,https://www.amazon.com/That-Frog-Great-Ways-Procrastinating/dp/1572707208,1572707208,978-1572707207,English,,"BBC Audiobooks America; Unabridged edition (November 8, 2006)",,,,1 pages,,,,,,,,
11,Summary-That-Brian-Tracy-knowledge-ebook,$2.99,2019-02-02,eat that frog,https://www.amazon.com/Summary-That-Brian-Tracy-knowledge-ebook/dp/B074P11TN8,,,,,,True,,,,,,,,,,,
12,Summary-That-Brian-Tracy-knowledge,$7.99,2019-02-02,eat that frog,https://www.amazon.com/Summary-That-Brian-Tracy-knowledge/dp/1974421678,1974421678,978-1974421671,English,26 pages,"CreateSpace Independent Publishing Platform (August 9, 2017)",,,,,,,,,,,,
13,You-Are-Badass%C2%AE-Doubting-Greatness-ebook,$9.99,2019-02-02,eat that frog,https://www.amazon.com/You-Are-Badass%C2%AE-Doubting-Greatness-ebook/dp/B00B3M3VWS,,,,,,True,,,,,,,,,,,
14,You-Are-Badass%C2%AE-Doubting-Greatness,$9.60,2019-02-02,eat that frog,https://www.amazon.com/You-Are-Badass%C2%AE-Doubting-Greatness/dp/0762447699,9780762447695,978-0762447695,English,256 pages,"Running Press Adult; 1 edition (April 23, 2013)",,,,,,,,,,,,
15,Compound-Effect-Darren-Hardy,$10.87,2019-02-02,eat that frog,https://www.amazon.com/Compound-Effect-Darren-Hardy/dp/159315724X,9781593157241,978-1593157241,English,176 pages,"Vanguard Press; Csm edition (October 2, 2012)",,,,,,,,,,,,
16,Habits-Highly-Effective-People-Powerful,$11.98,2019-02-02,eat that frog,https://www.amazon.com/Habits-Highly-Effective-People-Powerful/dp/1451639619,9781451639612,978-1451639612,English,432 pages,"Simon &amp; Schuster; Anniversary edition (November 19, 2013)",,,,,,,,,,,,
17,Habits-Highly-Effective-People-Powerful-ebook,$5.44,2019-02-02,eat that frog,https://www.amazon.com/Habits-Highly-Effective-People-Powerful-ebook/dp/B01069X4H0,,,,,,True,,,,,,,,,,,
18,Getting-Things-Done-Stress-Free-Productivity-ebook,$13.99,2019-02-02,eat that frog,https://www.amazon.com/Getting-Things-Done-Stress-Free-Productivity-ebook/dp/B00KWG9M2E,,,,,"Penguin Books; Revised edition (March 17, 2015)",,,,,2595 KB,0143126563,352 pages,"March 17, 2015",,,,
19,Goals-Everything-Faster-Thought-Possible,$15.80,2019-02-02,eat that frog,https://www.amazon.com/Goals-Everything-Faster-Thought-Possible/dp/1605094110,1605094110,978-1605094113,English,304 pages,"Berrett-Koehler Publishers; Second edition (August 2, 2010)",,,,,,,,,,,,
20,Goals-Everything-Faster-Thought-Possible-ebook,$11.99,2019-02-02,eat that frog,https://www.amazon.com/Goals-Everything-Faster-Thought-Possible-ebook/dp/B00F9FLDAC,,,,,,True,,,,,,,,,,,
21,Brain-Procrastinating-Paperback-%E3%80%902018%E3%80%91-Author,$8.97,2019-02-02,eat that frog,https://www.amazon.com/Brain-Procrastinating-Paperback-%E3%80%902018%E3%80%91-Author/dp/B07KP5NGP9,,,,,,True,,,,,,,,,,,
22,Badass-Affirmations-Wisdom-Wild-Women,$10.87,2019-02-02,eat that frog,https://www.amazon.com/Badass-Affirmations-Wisdom-Wild-Women/dp/1633537528,1633537528,978-1633537521,English,220 pages,"Mango (May 15, 2018)",,,,,,,,,,,,
23,Badass-Affirmations-Wisdom-Wild-Women-ebook,$5.58,2019-02-02,eat that frog,https://www.amazon.com/Badass-Affirmations-Wisdom-Wild-Women-ebook/dp/B079FTPPGQ,,,,,,True,,,,,,,,,,,
24,ONE-Thing-Surprisingly-Extraordinary-Results-ebook,$11.00,2019-02-02,eat that frog,https://www.amazon.com/ONE-Thing-Surprisingly-Extraordinary-Results-ebook/dp/B00C1BHQXK,,,,,,True,,,,,,,,,,,
25,Miracle-Morning-Not-So-Obvious-Guaranteed-Transform,$17.96,2019-02-02,eat that frog,https://www.amazon.com/Miracle-Morning-Not-So-Obvious-Guaranteed-Transform/dp/0979019710,0979019710,978-0979019715,English,180 pages,"Hal Elrod; 1st Paperback Edition edition (December 7, 2012)",,,,,,,,,,,,
26,Miracle-Morning-Not-So-Obvious-Guaranteed-Transform-ebook,$9.97,2019-02-02,eat that frog,https://www.amazon.com/Miracle-Morning-Not-So-Obvious-Guaranteed-Transform-ebook/dp/B00AKKS278,,,,,"Miracle Morning Publishing, LLC (December 7, 2012)",,,,,1775 KB,,224 pages,"December 7, 2012",Unlimited,,,
27,Envelopes-Eat-That-Frog-Graduation,$12.95,2019-02-02,eat that frog,https://www.amazon.com/Envelopes-Eat-That-Frog-Graduation/dp/B07J2VS4GZ,,,,,,True,,,,,,,,,,,
28,Organize-Tomorrow-Today-Optimize-Performance,$10.19,2019-02-02,eat that frog,https://www.amazon.com/Organize-Tomorrow-Today-Optimize-Performance/dp/0738219533,0738219533,978-0738219530,English,240 pages,"Da Capo Lifelong Books; Reprint edition (December 27, 2016)",,,,,,,,,,,,
29,quote-Twain-engraved-wooden-plaque,$19.99,2019-02-02,eat that frog,https://www.amazon.com/quote-Twain-engraved-wooden-plaque/dp/B06Y1MXFN5,,,,,,True,,,,,,,,,,,
30,That-Frog-second-Text-Only,$11.10,2019-02-02,eat that frog,https://www.amazon.com/That-Frog-second-Text-Only/dp/B004NC3SQ4,,,,,,True,,,,,,,,,,,
31,Eat-That-Frog-Revised-Tamil-ebook,$2.99,2019-02-02,eat that frog,https://www.amazon.com/Eat-That-Frog-Revised-Tamil-ebook/dp/B07BRYM924,,,,,,True,,,,,,,,,,,
32,Summary-Eat-That-Frog-Takeaways,$6.99,2019-02-02,eat that frog,https://www.amazon.com/Summary-Eat-That-Frog-Takeaways/dp/1540506991,1540506991,978-1540506993,English,30 pages,"CreateSpace Independent Publishing Platform (November 19, 2016)",,,,,,,,,,,,
33,Summary-Eat-That-Frog-Takeaways-ebook,$2.99,2019-02-02,eat that frog,https://www.amazon.com/Summary-Eat-That-Frog-Takeaways-ebook/dp/B071RJ146G,,,,,"FastReads (April 21, 2017)",,,,,1901 KB,1540506991,31 pages,,Unlimited,,,
34,That-Frog-Video-Training-Program,$134.95,2019-02-02,eat that frog,https://www.amazon.com/That-Frog-Video-Training-Program/dp/1523094508,,,,,,True,,,,,,,,,,,
35,Emotional-Intelligence-2-0-Travis-Bradberry,$11.45,2019-02-02,eat that frog,https://www.amazon.com/Emotional-Intelligence-2-0-Travis-Bradberry/dp/0974320625,0974320625,978-0974320625,English,,"TalentSmart; Har/Dol En edition (June 16, 2009)",,,280 pages,,,,,,,,,
36,Emotional-Intelligence-2-0-Travis-Bradberry-ebook,$10.88,2019-02-02,eat that frog,https://www.amazon.com/Emotional-Intelligence-2-0-Travis-Bradberry-ebook/dp/B002U3CBUW,,,,,"TalentSmart; Har/Dol En edition (June 13, 2009)",,,,,679 KB,0974320625,281 pages,"June 13, 2009",,,,
37,SmarterComics-Eat-That-Frog,$4.99,2019-02-02,eat that frog,https://www.amazon.com/SmarterComics-Eat-That-Frog/dp/B005PNP372,,,,,,True,,,,,,,,,,,
38,12-Week-Year-Others-Months,$16.37,2019-02-02,eat that frog,https://www.amazon.com/12-Week-Year-Others-Months/dp/1118509234,1118509234,978-1118509234,English,,"Wiley; 1 edition (May 20, 2013)",,,208 pages,,,,,,,,,
39,12-Week-Year-Others-Months-ebook,$11.99,2019-02-02,eat that frog,https://www.amazon.com/12-Week-Year-Others-Months-ebook/dp/B00CU9P31K,,,,,,True,,,,,,,,,,,
40,Munki-and-Trunk,$2.99,2019-02-02,eat that frog,https://www.amazon.com/Munki-and-Trunk/dp/B07M98JZQB,,,,,,True,,,,,,,,,,,
41,Over-Your-Damn-Self-Life-Changing,$13.83,2019-02-02,eat that frog,https://www.amazon.com/Over-Your-Damn-Self-Life-Changing/dp/0997948213,0997948213,978-0997948219,English,232 pages,"LiveFullOut Media (September 1, 2016)",,,,,,,,,,,,
42,Over-Your-Damn-Self-Life-Changing-ebook,$10.49,2019-02-02,eat that frog,https://www.amazon.com/Over-Your-Damn-Self-Life-Changing-ebook/dp/B01LYULRG4,,,,,,True,,,,,,,,,,,
43,journal-initials-engraved-Journal-leather,$37.00,2019-02-02,eat that frog,https://www.amazon.com/journal-initials-engraved-Journal-leather/dp/B07G6YGCBS,,,,,,True,,,,,,,,,,,
44,Do-List-Formula-Stress-Free-Creating-ebook,$2.99,2019-02-02,eat that frog,https://www.amazon.com/Do-List-Formula-Stress-Free-Creating-ebook/dp/B01JJ5CURW,,,,,"Damon Zahariades (August 1, 2016)",,,,,2420 KB,,109 pages,"August 1, 2016",Unlimited,,,
45,Do-List-Formula-Stress-Free-Creating,$8.09,2019-02-02,eat that frog,https://www.amazon.com/Do-List-Formula-Stress-Free-Creating/dp/1539438120,1539438120,978-1539438120,English,107 pages,"CreateSpace Independent Publishing Platform (October 13, 2016)",,,,,,,,,,,,
46,Baifuifu-Placemat-Silicone-Highchair-Restaurant,$15.99,2019-02-02,eat that frog,https://www.amazon.com/Baifuifu-Placemat-Silicone-Highchair-Restaurant/dp/B07MFXKWQ8,,,,,,True,,,,,,,,,,,
47,Declutter-Your-Mind-Worrying-Eliminate,$13.76,2019-02-02,eat that frog,https://www.amazon.com/Declutter-Your-Mind-Worrying-Eliminate/dp/1535575085,1535575085,978-1535575089,English,156 pages,"CreateSpace Independent Publishing Platform (August 23, 2016)",,,,,,,,,,,,
48,Declutter-Your-Mind-Worrying-Eliminate-ebook,$3.99,2019-02-02,eat that frog,https://www.amazon.com/Declutter-Your-Mind-Worrying-Eliminate-ebook/dp/B01KU04K5A,,,,,"Oldtown Publishing LLC (August 21, 2016)",,,,,1399 KB,,157 pages,"August 21, 2016",Unlimited,,,
49,Eat-that-Frog-%C3%BCberwinden-Whitebooks-ebook,$13.19,2019-02-02,eat that frog,https://www.amazon.com/Eat-that-Frog-%C3%BCberwinden-Whitebooks-ebook/dp/B01LEXIM7E,,,,,,True,,,,,,,,,,,
50,Eat-that-frog-Brian-Tracy,$44.70,2019-02-02,eat that frog,https://www.amazon.com/Eat-that-frog-Brian-Tracy/dp/3897492008,3897492008,978-3897492004,German,,"Simple Truths; 5. Auflage, Nachdruck. edition (2008)",,,112 pages,,,,,,,,,
51,RESUMEN-%C2%A1TR%C3%81GUESE-espa%C3%B1ol-procrastinar-PRODUCTIVIDAD-ebook,$3.44,2019-02-02,eat that frog,https://www.amazon.com/RESUMEN-%C2%A1TR%C3%81GUESE-espa%C3%B1ol-procrastinar-PRODUCTIVIDAD-ebook/dp/B07MJVTBFS,,,,,,True,,,,,,,,,,,
52,eatbeef-Vinyl-Sticker-Decal-farmer,$4.99,2019-02-02,eat that frog,https://www.amazon.com/eatbeef-Vinyl-Sticker-Decal-farmer/dp/B01FRC9PD8,,,,,,True,,,,,,,,,,,
53,Gymtastic-Professional-Air-Track-3ft,$149.00,2019-02-02,eat that frog,https://www.amazon.com/Gymtastic-Professional-Air-Track-3ft/dp/B07J2WPYXY,,,,,,True,,,,,,,,,,,
54,Mini-Habits-Smaller-Bigger-Results-ebook,$5.99,2019-02-02,eat that frog,https://www.amazon.com/Mini-Habits-Smaller-Bigger-Results-ebook/dp/B00HGKNBDK,,,,,,True,,,,,,,,,,,
55,Mini-Habits-Smaller-Bigger-Results,$11.54,2019-02-02,eat that frog,https://www.amazon.com/Mini-Habits-Smaller-Bigger-Results/dp/1494882272,1494882272,,English,126 pages,"CreateSpace Independent Publishing Platform (December 22, 2013)",,,,,,,,,,Mini Habits (Book 1)<br/>,,
56,Summary-Bundle-Freelancer-Impossible-Everything-ebook,$2.99,2019-02-02,eat that frog,https://www.amazon.com/Summary-Bundle-Freelancer-Impossible-Everything-ebook/dp/B077G626N6,,,,,"FastReads (November 13, 2017)",,,,,3814 KB,197995092X,198 pages,,Unlimited,,,
57,Summary-Bundle-Freelancer-Impossible-Everything,$11.99,2019-02-02,eat that frog,https://www.amazon.com/Summary-Bundle-Freelancer-Impossible-Everything/dp/197995092X,9781979950923,978-1979950923,English,196 pages,"CreateSpace Independent Publishing Platform (November 29, 2017)",,,,,,,,,,,,
58,Eat-That-Frog-Great-Procrastinating,$49.99,2019-02-02,eat that frog,https://www.amazon.com/Eat-That-Frog-Great-Procrastinating/dp/1626567336,1626567336,978-1626567337,English,,"Berrett-Koehler Publishers; 2 edition (December 28, 2006)",,,144 pages,,,,,,,,,
59,Anything-Vegetarian-Eating-Living-Green,$11.99,2019-02-02,eat that frog,https://www.amazon.com/Anything-Vegetarian-Eating-Living-Green/dp/B07L63GDTS,,,,,,True,,,,,,,,,,,
60,Art-Closing-Sale-Professional-Selling,$26.70,2019-02-02,eat that frog,https://www.amazon.com/Art-Closing-Sale-Professional-Selling/dp/1596594454,,,,,,True,,,,,,,,,,,
61,Albanese-Candy-Gummi-Rainforest-Assorted,$24.99,2019-02-02,eat that frog,https://www.amazon.com/Albanese-Candy-Gummi-Rainforest-Assorted/dp/B00AV5AJBE,,,,,,True,,,,,,,,,,,
62,PROCRASTINATING-REINVENT-YOURSELF-MOTIVATE-INFLUENCE-ebook,$0.99,2019-02-02,eat that frog,https://www.amazon.com/PROCRASTINATING-REINVENT-YOURSELF-MOTIVATE-INFLUENCE-ebook/dp/B07D75HSPS,,,,,,True,,,,,,,,,,,
63,Eat-That-Frog-First-Journal,$8.97,2019-02-02,eat that frog,https://www.amazon.com/Eat-That-Frog-First-Journal/dp/1944287728,1944287728,978-1944287726,English,,"Ciparum LLC (December 3, 2015)",,,,,,,,,,,50 pages,
64,Eat-That-Frog-First-Journal,$8.97,2019-02-02,eat that frog,https://www.amazon.com/Eat-That-Frog-First-Journal/dp/1944287728,1944287728,978-1944287726,English,,"Ciparum LLC (December 3, 2015)",,,,,,,,,,,50 pages,
65,Stop-Procrastinating-Start-Doing-Procrastination-ebook,$2.99,2019-02-02,eat that frog,https://www.amazon.com/Stop-Procrastinating-Start-Doing-Procrastination-ebook/dp/B07MYPHBGX,,,,,,True,,,,,,,,,,,
66,Ultimate-Goals-Program-BRIAN-TRACY,$78.28,2019-02-02,eat that frog,https://www.amazon.com/Ultimate-Goals-Program-BRIAN-TRACY/dp/B004AB24LI,,,,,,True,,,,,,,,,,,
67,Upgrade-Tracker-Fitness-Holiday-Birthday,$35.99,2019-02-02,eat that frog,https://www.amazon.com/Upgrade-Tracker-Fitness-Holiday-Birthday/dp/B07KRD32YH,,,,,,True,,,,,,,,,,,
68,No-Excuses-Self-Discipline-Brian-Tracy,$10.87,2019-02-02,eat that frog,https://www.amazon.com/No-Excuses-Self-Discipline-Brian-Tracy/dp/1593156324,1593156324,978-1593156329,English,304 pages,"Vanguard Press (March 22, 2011)",,,,,,,,,,,,
69,Sunset-Vista-Design-Studios-Hummingbird,$23.95,2019-02-02,eat that frog,https://www.amazon.com/Sunset-Vista-Design-Studios-Hummingbird/dp/B00JBZ966O,,,,,,True,,,,,,,,,,,
70,Reeeeee-Shirt-Funny-Kekistan-T-Shirt,$17.99,2019-02-02,eat that frog,https://www.amazon.com/Reeeeee-Shirt-Funny-Kekistan-T-Shirt/dp/B07FPBB2H1,,,,,,True,,,,,,,,,,,
71,Professional-Karei-Cosmetologist-Approved-Ingredients,$29.99,2019-02-02,eat that frog,https://www.amazon.com/Professional-Karei-Cosmetologist-Approved-Ingredients/dp/B07GW86K4S,,,,,,True,,,,,,,,,,,
72,Do-Scared-Confidence-Resistance-Limitations-ebook,$4.99,2019-02-02,eat that frog,https://www.amazon.com/Do-Scared-Confidence-Resistance-Limitations-ebook/dp/B01NATOTF1,,,,,,True,,,,,,,,,,,
73,Do-Scared-Confidence-Resistance-Limitations,$11.39,2019-02-02,eat that frog,https://www.amazon.com/Do-Scared-Confidence-Resistance-Limitations/dp/1542700728,1542700728,978-1542700726,English,183 pages,"CreateSpace Independent Publishing Platform; 1 edition (January 14, 2017)",,,,,,,,,,,,
74,Room-Stickers-Quotes-Pantry-Decal,$23.98,2019-02-02,eat that frog,https://www.amazon.com/Room-Stickers-Quotes-Pantry-Decal/dp/B07HFNCGC8,,,,,,True,,,,,,,,,,,
75,That-Frog-SmarterComics-Brian-Tracy-ebook,$6.99,2019-02-02,eat that frog,https://www.amazon.com/That-Frog-SmarterComics-Brian-Tracy-ebook/dp/B005LY2OZY,,,,,,True,,,,,,,,,,,
76,Platform-Terrarium-Tortoises-Decoration-Salamanders,$10.99,2019-02-02,eat that frog,https://www.amazon.com/Platform-Terrarium-Tortoises-Decoration-Salamanders/dp/B07KZMZBTH,,,,,,True,,,,,,,,,,,
77,Safari-Ltd-Life-Cycle-Frog,$9.99,2019-02-02,eat that frog,https://www.amazon.com/Safari-Ltd-Life-Cycle-Frog/dp/B009435MXO,,,,,,True,,,,,,,,,,,
78,Natures-Dawning-AUTHENTIC-Multi-Purpose-18cmx20cm,$7.47,2019-02-02,eat that frog,https://www.amazon.com/Natures-Dawning-AUTHENTIC-Multi-Purpose-18cmx20cm/dp/B01I2BSGHM,,,,,,True,,,,,,,,,,,
79,Second-Journal-Most-Powerful-Planet,$26.99,2019-02-02,eat that frog,https://www.amazon.com/Second-Journal-Most-Powerful-Planet/dp/168261722X,,,,,,True,,,,,,,,,,,
80,Pondemonium,$1.99,2019-02-02,eat that frog,https://www.amazon.com/Pondemonium/dp/B077GM957P,,,,,,True,,,,,,,,,,,
81,Ways-Money-World-Penguin-Specials-ebook,$0.00,2019-02-02,eat that frog,https://www.amazon.com/Ways-Money-World-Penguin-Specials-ebook/dp/B00FGUM8EU,,,,,,True,,,,,,,,,,,
82,Get-Smart-Successful-Highest-Paid-People-ebook,$11.99,2019-02-02,eat that frog,https://www.amazon.com/Get-Smart-Successful-Highest-Paid-People-ebook/dp/B00YBA7OKY,,,,,"TarcherPerigee (March 15, 2016)",,,,,586 KB,0399183795,215 pages,"March 15, 2016",,,,
83,Get-Smart-Successful-Highest-Paid-People,$10.20,2019-02-02,eat that frog,https://www.amazon.com/Get-Smart-Successful-Highest-Paid-People/dp/0399183795,0399183795,978-0399183799,English,224 pages,"TarcherPerigee; Reprint edition (March 14, 2017)",,,,,,,,,,,,
84,Sabse-Mushkil-Kaam-Pehle-Hindi-ebook,$2.99,2019-02-02,eat that frog,https://www.amazon.com/Sabse-Mushkil-Kaam-Pehle-Hindi-ebook/dp/B01N3U919A,,,,,,True,,,,,,,,,,,
85,SABSE-MUSHKIL-KAAM-PEHLE-Hindi,$5.00,2019-02-02,eat that frog,https://www.amazon.com/SABSE-MUSHKIL-KAAM-PEHLE-Hindi/dp/8183221807,8183221807,978-8183221801,Hindi,169 pages,"Manjul Publishing House Pvt. Ltd. (January 1, 2013)",,,,,,,,,,,,
86,Evernote-Mastery-Eye-Opening-Techniques-Essentials-ebook,$3.99,2019-02-02,eat that frog,https://www.amazon.com/Evernote-Mastery-Eye-Opening-Techniques-Essentials-ebook/dp/B00URRJNXQ,,,,,,True,,,,,,,,,,,
87,Evernote-Mastery-Eye-Opening-Techniques-Experts,$10.99,2019-02-02,eat that frog,https://www.amazon.com/Evernote-Mastery-Eye-Opening-Techniques-Experts/dp/154529173X,154529173X,978-1545291733,English,170 pages,"CreateSpace Independent Publishing Platform (April 10, 2017)",,,,,,,,,,,,
88,Eat-Clean-Diet-Cookbook-Great-Tasting-Cookbooks,$11.12,2019-02-02,eat that frog,https://www.amazon.com/Eat-Clean-Diet-Cookbook-Great-Tasting-Cookbooks/dp/1552100448,1552100448,,English,358 pages,"Ballantine Books; 4th Printing edition (September 9, 2007)",,,,,,,,,,Eat Clean Diet Cookbooks (Book 1)<br/>,,
89,Eat-Clean-Diet-Cookbook-Great-Tasting-Cookbooks-ebook,$5.99,2019-02-02,eat that frog,https://www.amazon.com/Eat-Clean-Diet-Cookbook-Great-Tasting-Cookbooks-ebook/dp/B00B3M3ASI,,,,,,True,,,,,,,,,,,
90,Live-Assassin-Snails-Clea-helena,$7.95,2019-02-02,eat that frog,https://www.amazon.com/Live-Assassin-Snails-Clea-helena/dp/B0049RK7QW,,,,,,True,,,,,,,,,,,
91,Believe-Achieve-Overcome-Doubts-Potential-ebook,$11.99,2019-02-02,eat that frog,https://www.amazon.com/Believe-Achieve-Overcome-Doubts-Potential-ebook/dp/B0719GHS7N,,,,,,True,,,,,,,,,,,
92,Believe-Achieve-Overcome-Doubts-Potential,$14.86,2019-02-02,eat that frog,https://www.amazon.com/Believe-Achieve-Overcome-Doubts-Potential/dp/0143131087,,,,,,True,,,,,,,,,,,
93,Zoo-Med-Gourmet-Reptisticks-Aquatic,$12.03,2019-02-02,eat that frog,https://www.amazon.com/Zoo-Med-Gourmet-Reptisticks-Aquatic/dp/B00VBPIWSA,,,,,,True,,,,,,,,,,,
94,Enlightened-time-management-Danniel-Roberts-ebook,$5.49,2019-02-02,eat that frog,https://www.amazon.com/Enlightened-time-management-Danniel-Roberts-ebook/dp/B07D1SBKSL,,,,,,True,,,,,,,,,,,
95,Silicone-Placemat-Children-Highchair-Salbree,$9.90,2019-02-02,eat that frog,https://www.amazon.com/Silicone-Placemat-Children-Highchair-Salbree/dp/B01MEC42C1,,,,,,True,,,,,,,,,,,
96,Secret-Path-Meditation-Teachings-Spiritual-ebook,$9.99,2019-02-02,eat that frog,https://www.amazon.com/Secret-Path-Meditation-Teachings-Spiritual-ebook/dp/B0056GJHG6,,,,,,True,,,,,,,,,,,
97,Secret-Path-Technique-Spiritual-Self-discovery,$13.95,2019-02-02,eat that frog,https://www.amazon.com/Secret-Path-Technique-Spiritual-Self-discovery/dp/8173031924,8173031924,978-8173031922,English,295 pages,"Pilgrims Publishing,India (June 1, 2002)",,,,,,,,,,,,
98,Toad-Road-Cautionary-Stephen-Shaskan,$9.98,2019-02-02,eat that frog,https://www.amazon.com/Toad-Road-Cautionary-Stephen-Shaskan/dp/0062393472,,,,,,True,,,,,,,,,,,
99,Toad-Road-Cautionary-Stephen-Shaskan,$8.95,2019-02-02,eat that frog,https://www.amazon.com/Toad-Road-Cautionary-Stephen-Shaskan/dp/1338290509,,,,,,True,,,,,,,,,,,
100,Emotional-Intelligence-Effective-Awareness-Controlling,$17.38,2019-02-02,eat that frog,https://www.amazon.com/Emotional-Intelligence-Effective-Awareness-Controlling/dp/1977792421,1977792421,,English,118 pages,"CreateSpace Independent Publishing Platform (September 30, 2017)",,,,,,,,,,Emotional Intelligence Series (Book 5)<br/>,,
101,Emotional-Intelligence-Effective-Awareness-Controlling-ebook,$2.99,2019-02-02,eat that frog,https://www.amazon.com/Emotional-Intelligence-Effective-Awareness-Controlling-ebook/dp/B0769DGN1N,,,,,,True,,,,,,,,,,,
102,Gymtastic-Professional-Air-Track-20ft,$149.00,2019-02-02,eat that frog,https://www.amazon.com/Gymtastic-Professional-Air-Track-20ft/dp/B07J2YDGP3,,,,,,True,,,,,,,,,,,
103,Practical-Thinking-Four-Right-Wrong,$14.79,2019-02-02,eat that frog,https://www.amazon.com/Practical-Thinking-Four-Right-Wrong/dp/1785041118,,,,,,True,,,,,,,,,,,
104,Cognitive-Behavioral-Therapy-Retraining-Overcoming,$17.38,2019-02-02,eat that frog,https://www.amazon.com/Cognitive-Behavioral-Therapy-Retraining-Overcoming/dp/1978385528,1978385528,,English,86 pages,"CreateSpace Independent Publishing Platform (October 19, 2017)",,,,,,,,,,Cognitive Behavioral Therapy Series (Book 5)<br/>,,
105,Cognitive-Behavioral-Therapy-Retraining-Overcoming-ebook,$2.99,2019-02-02,eat that frog,https://www.amazon.com/Cognitive-Behavioral-Therapy-Retraining-Overcoming-ebook/dp/B077RF8KL6,,,,,,True,,,,,,,,,,,
106,Self-Discipline-Blueprint-Entrepreneurs-Procrastination-Addiction,$19.95,2019-02-02,eat that frog,https://www.amazon.com/Self-Discipline-Blueprint-Entrepreneurs-Procrastination-Addiction/dp/1731466366,1731466366,978-1731466365,English,148 pages,"Independently published (November 17, 2018)",,,,,,,,,,,,
107,Self-Discipline-Blueprint-Entrepreneurs-Procrastination-Addiction-ebook,$2.99,2019-02-02,eat that frog,https://www.amazon.com/Self-Discipline-Blueprint-Entrepreneurs-Procrastination-Addiction-ebook/dp/B07KMVZ539,,,,,,True,,,,,,,,,,,
108,Cognitive-Behavioral-Therapy-Manuscripts-Definitive,$25.38,2019-02-02,eat that frog,https://www.amazon.com/Cognitive-Behavioral-Therapy-Manuscripts-Definitive/dp/1974515214,1974515214,,English,232 pages,"CreateSpace Independent Publishing Platform (August 13, 2017)",,,,,,,,,,Cognitive Behavioral Therapy Series (Book 4)<br/>,,
109,Cognitive-Behavioral-Therapy-Manuscripts-Definitive-ebook,$4.99,2019-02-02,eat that frog,https://www.amazon.com/Cognitive-Behavioral-Therapy-Manuscripts-Definitive-ebook/dp/B075GHQXFJ,,,,,,True,,,,,,,,,,,
110,Self-Discipline-Jealousy-Anger-Management-Productivity,$23.99,2019-02-02,eat that frog,https://www.amazon.com/Self-Discipline-Jealousy-Anger-Management-Productivity/dp/1983552232,1983552232,978-1983552236,English,180 pages,"CreateSpace Independent Publishing Platform (January 5, 2018)",,,,,,,,,,,,
111,Self-Discipline-Jealousy-Anger-Management-Changes-ebook,$4.99,2019-02-02,eat that frog,https://www.amazon.com/Self-Discipline-Jealousy-Anger-Management-Changes-ebook/dp/B079YBCKVP,,,,,,True,,,,,,,,,,,
112,Optimize-Your-Productivity-Counterintuitive-Approach,$10.99,2019-02-02,eat that frog,https://www.amazon.com/Optimize-Your-Productivity-Counterintuitive-Approach/dp/1532708637,1532708637,,English,124 pages,"CreateSpace Independent Publishing Platform (April 15, 2016)",,,,,,,,,,Optimize Your Life Series (Book 2)<br/>,,
113,Optimize-Your-Productivity-Counterintuitive-Approach-ebook,$4.49,2019-02-02,eat that frog,https://www.amazon.com/Optimize-Your-Productivity-Counterintuitive-Approach-ebook/dp/B01B15OWMY,,,,,,,,,,725 KB,1532708637,126 pages,"April 17, 2016",Unlimited,,,
114,Stop-Procrastinating-Procrastination-Become-Productive,$7.99,2019-02-02,eat that frog,https://www.amazon.com/Stop-Procrastinating-Procrastination-Become-Productive/dp/1983611786,1983611786,978-1983611780,English,76 pages,"CreateSpace Independent Publishing Platform (January 6, 2018)",,,,,,,,,,,,
115,Stop-Procrastinating-Procrastination-Become-Productive-ebook,$2.99,2019-02-02,eat that frog,https://www.amazon.com/Stop-Procrastinating-Procrastination-Become-Productive-ebook/dp/B078SRT6LK,,,,,,True,,,,,,,,,,,
116,StickerTalk-Bumper-Sticker-Window-Stickers,$5.99,2019-02-02,eat that frog,https://www.amazon.com/StickerTalk-Bumper-Sticker-Window-Stickers/dp/B00G5M9832,,,,,,True,,,,,,,,,,,
117,Eat-Smart-Weight-Healthy-Mastering,$8.57,2019-02-02,eat that frog,https://www.amazon.com/Eat-Smart-Weight-Healthy-Mastering/dp/1520727550,1520727550,978-1520727554,English,63 pages,"Independently published (November 26, 2013)",,,,,,,,,,,,
118,Eat-Smart-Weight-Healthy-Mastering-ebook,$3.69,2019-02-02,eat that frog,https://www.amazon.com/Eat-Smart-Weight-Healthy-Mastering-ebook/dp/B076CWCFFG,,,,,,True,,,,,,,,,,,
119,Hisoul-Bowling-Tabletop-Novelty-Desktop,$8.90,2019-02-02,eat that frog,https://www.amazon.com/Hisoul-Bowling-Tabletop-Novelty-Desktop/dp/B07GV797Z3,,,,,,True,,,,,,,,,,,
120,Honeydukes-Sweetshop-Stainless-Stamped-Silverware,$16.00,2019-02-02,eat that frog,https://www.amazon.com/Honeydukes-Sweetshop-Stainless-Stamped-Silverware/dp/B015P9OL00,,,,,,True,,,,,,,,,,,
121,Sur-petition-Business-Formula-Competition-ebook,$9.99,2019-02-02,eat that frog,https://www.amazon.com/Sur-petition-Business-Formula-Competition-ebook/dp/B076B5P8K2,,,,,,True,,,,,,,,,,,
122,SHED-Method-groundbreaking-step-step-ebook,$9.99,2019-02-02,eat that frog,https://www.amazon.com/SHED-Method-groundbreaking-step-step-ebook/dp/B074Q5NR91,,,,,,True,,,,,,,,,,,
123,Better-Me-Sara-Milne-Rowe,$17.06,2019-02-02,eat that frog,https://www.amazon.com/Better-Me-Sara-Milne-Rowe/dp/0718183967,9780718183967,978-0718183967,English,338 pages,"Penguin UK (December 1, 2017)",,,,,,,,,,,,
124,Story-Brian-Tracy-Seven-Success-ebook,$2.99,2019-02-02,eat that frog,https://www.amazon.com/Story-Brian-Tracy-Seven-Success-ebook/dp/B00QYYF4LG,,,,,,True,,,,,,,,,,,
125,Frog-Cosmetic-Bag-Zip-top-Closer,$10.62,2019-02-02,eat that frog,https://www.amazon.com/Frog-Cosmetic-Bag-Zip-top-Closer/dp/B00DM9SE2C,,,,,,True,,,,,,,,,,,
126,Emotional-Intelligence-Effective-Awareness-Controlling,$17.38,2019-02-02,eat that frog,https://www.amazon.com/Emotional-Intelligence-Effective-Awareness-Controlling/dp/1977792421,1977792421,,English,118 pages,"CreateSpace Independent Publishing Platform (September 30, 2017)",,,,,,,,,,Emotional Intelligence Series (Book 5)<br/>,,
127,Emotional-Intelligence-Effective-Awareness-Controlling-ebook,$2.99,2019-02-02,eat that frog,https://www.amazon.com/Emotional-Intelligence-Effective-Awareness-Controlling-ebook/dp/B0769DGN1N,,,,,,True,,,,,,,,,,,
128,Cooking-Kitchen0-Polyester-Garden-Creative,$7.81,2019-02-02,eat that frog,https://www.amazon.com/Cooking-Kitchen0-Polyester-Garden-Creative/dp/B07MT8NHN5,,,,,,True,,,,,,,,,,,
129,Practical-Thinking-Four-Right-Wrong,$14.79,2019-02-02,eat that frog,https://www.amazon.com/Practical-Thinking-Four-Right-Wrong/dp/1785041118,9781785041112,978-1785041112,English,208 pages,"Random House UK (June 1, 2018)",,,,,,,,,,,,
130,Cognitive-Behavioral-Therapy-Retraining-Overcoming,$17.38,2019-02-02,eat that frog,https://www.amazon.com/Cognitive-Behavioral-Therapy-Retraining-Overcoming/dp/1978385528,1978385528,,English,86 pages,"CreateSpace Independent Publishing Platform (October 19, 2017)",,,,,,,,,,Cognitive Behavioral Therapy Series (Book 5)<br/>,,
131,Cognitive-Behavioral-Therapy-Retraining-Overcoming-ebook,$2.99,2019-02-02,eat that frog,https://www.amazon.com/Cognitive-Behavioral-Therapy-Retraining-Overcoming-ebook/dp/B077RF8KL6,,,,,,True,,,,,,,,,,,
132,Self-Discipline-Blueprint-Entrepreneurs-Procrastination-Addiction,$19.95,2019-02-02,eat that frog,https://www.amazon.com/Self-Discipline-Blueprint-Entrepreneurs-Procrastination-Addiction/dp/1731466366,1731466366,978-1731466365,English,148 pages,"Independently published (November 17, 2018)",,,,,,,,,,,,
133,Self-Discipline-Blueprint-Entrepreneurs-Procrastination-Addiction-ebook,$2.99,2019-02-02,eat that frog,https://www.amazon.com/Self-Discipline-Blueprint-Entrepreneurs-Procrastination-Addiction-ebook/dp/B07KMVZ539,,,,,,True,,,,,,,,,,,
134,Cognitive-Behavioral-Therapy-Manuscripts-Definitive,$25.38,2019-02-02,eat that frog,https://www.amazon.com/Cognitive-Behavioral-Therapy-Manuscripts-Definitive/dp/1974515214,,,,,,True,,,,,,,,,,,
135,Cognitive-Behavioral-Therapy-Manuscripts-Definitive-ebook,$4.99,2019-02-02,eat that frog,https://www.amazon.com/Cognitive-Behavioral-Therapy-Manuscripts-Definitive-ebook/dp/B075GHQXFJ,,,,,,True,,,,,,,,,,,
136,Self-Discipline-Jealousy-Anger-Management-Productivity,$23.99,2019-02-02,eat that frog,https://www.amazon.com/Self-Discipline-Jealousy-Anger-Management-Productivity/dp/1983552232,1983552232,978-1983552236,English,180 pages,"CreateSpace Independent Publishing Platform (January 5, 2018)",,,,,,,,,,,,
137,Self-Discipline-Jealousy-Anger-Management-Changes-ebook,$4.99,2019-02-02,eat that frog,https://www.amazon.com/Self-Discipline-Jealousy-Anger-Management-Changes-ebook/dp/B079YBCKVP,,,,,,,,,,1419 KB,1983552232,182 pages,"February 19, 2018",Unlimited,,,
138,Floating-Sticks-Aquatic-Turtles-Newts,$2.99,2019-02-02,eat that frog,https://www.amazon.com/Floating-Sticks-Aquatic-Turtles-Newts/dp/B075Z1BXCY,,,,,,True,,,,,,,,,,,
139,Focus-Sharpen-Become-Unstoppable-Build,$9.95,2019-02-02,eat that frog,https://www.amazon.com/Focus-Sharpen-Become-Unstoppable-Build/dp/1533258090,1533258090,978-1533258090,English,38 pages,"CreateSpace Independent Publishing Platform (May 14, 2016)",,,,,,,,,,,,
140,Focus-Sharpen-Become-Unstoppable-Through-ebook,$2.99,2019-02-02,eat that frog,https://www.amazon.com/Focus-Sharpen-Become-Unstoppable-Through-ebook/dp/B00PSZFEV2,,,,,"Success Life Publishing (November 17, 2014)",,,,,856 KB,,40 pages,"November 17, 2014",Unlimited,,,
141,Coolbis-Cartoon-Watermelons-Trucker-Adjustable,$5.59,2019-02-02,eat that frog,https://www.amazon.com/Coolbis-Cartoon-Watermelons-Trucker-Adjustable/dp/B07MY337ZG,,,,,,True,,,,,,,,,,,
142,Optimize-Your-Productivity-Counterintuitive-Approach,$10.99,2019-02-02,eat that frog,https://www.amazon.com/Optimize-Your-Productivity-Counterintuitive-Approach/dp/1532708637,,,,,,True,,,,,,,,,,,
143,Optimize-Your-Productivity-Counterintuitive-Approach-ebook,$4.49,2019-02-02,eat that frog,https://www.amazon.com/Optimize-Your-Productivity-Counterintuitive-Approach-ebook/dp/B01B15OWMY,,,,,,True,,,,,,,,,,,
144,effective-personal-workbook-leverage-collection,$44.99,2019-02-02,eat that frog,https://www.amazon.com/effective-personal-workbook-leverage-collection/dp/9123721480,,,,,,True,,,,,,,,,,,
145,Want-Live-Life-Bear-Funny,$13.95,2019-02-02,eat that frog,https://www.amazon.com/Want-Live-Life-Bear-Funny/dp/B07FP1FD4Y,,,,,,True,,,,,,,,,,,
146,Getting-things-effective-leverage-collection,$59.99,2019-02-02,eat that frog,https://www.amazon.com/Getting-things-effective-leverage-collection/dp/9123711027,,,,,,True,,,,,,,,,,,
147,habits-highly-effective-psychology-selling,$59.99,2019-02-02,eat that frog,https://www.amazon.com/habits-highly-effective-psychology-selling/dp/9123711019,,,,,,True,,,,,,,,,,,
148,Fractured-Fairy-Tales-Season,$2.99,2019-02-02,eat that frog,https://www.amazon.com/Fractured-Fairy-Tales-Season/dp/B00K4TKKAW,,,,,,True,,,,,,,,,,,
149,habits-highly-effective-psychology-selling,$59.99,2019-02-02,eat that frog,https://www.amazon.com/habits-highly-effective-psychology-selling/dp/9123711019,,,,,,True,,,,,,,,,,,
150,Fractured-Fairy-Tales-Season,$2.99,2019-02-02,eat that frog,https://www.amazon.com/Fractured-Fairy-Tales-Season/dp/B00K4TKKAW,,,,,,True,,,,,,,,,,,
151,habits-effective-excuses-leverage-collection,$59.99,2019-02-02,eat that frog,https://www.amazon.com/habits-effective-excuses-leverage-collection/dp/9123711000,,,,,,True,,,,,,,,,,,
152,habits-highly-effective-leverage-collection,$49.99,2019-02-02,eat that frog,https://www.amazon.com/habits-highly-effective-leverage-collection/dp/9123710985,,,,,,True,,,,,,,,,,,
153,Psychology-Selling-BRIAN-TRACY,$68.01,2019-02-02,eat that frog,https://www.amazon.com/Psychology-Selling-BRIAN-TRACY/dp/B01JNWPF28,,,,,,True,,,,,,,,,,,
154,habits-highly-effective-leverage-collection,$39.99,2019-02-02,eat that frog,https://www.amazon.com/habits-highly-effective-leverage-collection/dp/9123710977,,,,,,True,,,,,,,,,,,
155,Appetit-Vinyl-Lettering-Wall-Sticker,$16.99,2019-02-02,eat that frog,https://www.amazon.com/Appetit-Vinyl-Lettering-Wall-Sticker/dp/B015UL9A36,,,,,,True,,,,,,,,,,,
156,habits-highly-effective-leverage-collection,$59.99,2019-02-02,eat that frog,https://www.amazon.com/habits-highly-effective-leverage-collection/dp/9123710969,,,,,,True,,,,,,,,,,,
157,Organization-Theory-Selected-Classic-Readings-ebook,$12.49,2019-02-02,eat that frog,https://www.amazon.com/Organization-Theory-Selected-Classic-Readings-ebook/dp/B002XHNML2,,,,,,True,,,,,,,,,,,
158,Miracle-morning-effective-leverage-collection,$49.99,2019-02-02,eat that frog,https://www.amazon.com/Miracle-morning-effective-leverage-collection/dp/9123710950,,,,,,True,,,,,,,,,,,
159,FDRFE-Little-Organic-Cotton-T-Shirts,$28.35,2019-02-02,eat that frog,https://www.amazon.com/FDRFE-Little-Organic-Cotton-T-Shirts/dp/B07CGHBZ9Q,,,,,,True,,,,,,,,,,,
160,habits-highly-effective-leverage-collection,$39.99,2019-02-02,eat that frog,https://www.amazon.com/habits-highly-effective-leverage-collection/dp/9123710942,,,,,,True,,,,,,,,,,,
161,Material-Stretches-Learning-ValeforToy-Realistic,$9.97,2019-02-02,eat that frog,https://www.amazon.com/Material-Stretches-Learning-ValeforToy-Realistic/dp/B01KYYJXE0,,,,,,True,,,,,,,,,,,
162,maximum-achievement-effective-leverage-collection,$49.99,2019-02-02,eat that frog,https://www.amazon.com/maximum-achievement-effective-leverage-collection/dp/9123710934,,,,,,True,,,,,,,,,,,
163,Silicone-Placemat-Children-Highchair-Salbree,$9.90,2019-02-02,eat that frog,https://www.amazon.com/Silicone-Placemat-Children-Highchair-Salbree/dp/B01MEC42C1,,,,,,True,,,,,,,,,,,
164,friends-influence-effective-leverage-collection,$39.99,2019-02-02,eat that frog,https://www.amazon.com/friends-influence-effective-leverage-collection/dp/9123710926,,,,,,True,,,,,,,,,,,
165,habits-effective-compound-leverage-collection,$59.99,2019-02-02,eat that frog,https://www.amazon.com/habits-effective-compound-leverage-collection/dp/9123710918,,,,,,True,,,,,,,,,,,
166,bagshome-Zombies-Capacity-Canvas-Holder,$14.98,2019-02-02,eat that frog,https://www.amazon.com/bagshome-Zombies-Capacity-Canvas-Holder/dp/B07BPJXNQR,,,,,,True,,,,,,,,,,,
167,habits-effective-coaching-leverage-collection,$49.99,2019-02-02,eat that frog,https://www.amazon.com/habits-effective-coaching-leverage-collection/dp/912371090X,,,,,,True,,,,,,,,,,,
168,Froglube-Paste-Cleaner-Lubricant-Protectant,$19.99,2019-02-02,eat that frog,https://www.amazon.com/Froglube-Paste-Cleaner-Lubricant-Protectant/dp/B0053TX1GS,,,,,,True,,,,,,,,,,,
169,minute-manager-effective-leverage-collection,$39.99,2019-02-02,eat that frog,https://www.amazon.com/minute-manager-effective-leverage-collection/dp/9123710896,,,,,,True,,,,,,,,,,,
170,Handbook-Positive-Revolution-Principles-Personal-ebook,$10.99,2019-02-02,eat that frog,https://www.amazon.com/Handbook-Positive-Revolution-Principles-Personal-ebook/dp/B079YLJJVG,,,,,,True,,,,,,,,,,,
171,Handbook-Positive-Revolution-Principles-Personal,$18.95,2019-02-02,eat that frog,https://www.amazon.com/Handbook-Positive-Revolution-Principles-Personal/dp/1785041908,,,,,,True,,,,,,,,,,,
172,habits-effective-leverage-productivity-collection,$39.99,2019-02-02,eat that frog,https://www.amazon.com/habits-effective-leverage-productivity-collection/dp/9123710888,,,,,,True,,,,,,,,,,,
173,leverage-mindset-fucking-awesome-collection,$44.99,2019-02-02,eat that frog,https://www.amazon.com/leverage-mindset-fucking-awesome-collection/dp/9123687142,,,,,,True,,,,,,,,,,,
174,habits-effective-personal-workbook-collection,$39.99,2019-02-02,eat that frog,https://www.amazon.com/habits-effective-personal-workbook-collection/dp/9123675632,,,,,,True,,,,,,,,,,,
175,THAT-FROG-Telugu-BRIAN-TRACY,$6.50,2019-02-02,eat that frog,https://www.amazon.com/THAT-FROG-Telugu-BRIAN-TRACY/dp/8183223818,8183223818,978-8183223812,Telugu,128 pages,"Manjul Publishing House (January 1, 2013)",,,,,,,,,,,,
176,Eat-That-Frog-Cards-Procrastinating,$13.18,2019-02-02,eat that frog,https://www.amazon.com/Eat-That-Frog-Cards-Procrastinating/dp/7111573870,7111573870,978-7111573876,Chinese,166 pages,"China Machine Press; 1st edition (August 1, 2017)",,,,,,,,,,,,
177,Makoroni-Laptop-Sticker-Decal-4-5by4-5,$3.93,2019-02-02,eat that frog,https://www.amazon.com/Makoroni-Laptop-Sticker-Decal-4-5by4-5/dp/B07MML29LW,,,,,,True,,,,,,,,,,,
178,Procrastination-Illusion-Secret-Productivity-Society,$14.99,2019-02-02,eat that frog,https://www.amazon.com/Procrastination-Illusion-Secret-Productivity-Society/dp/1984067559,,,,,,True,,,,,,,,,,,
179,Procrastination-Illusion-Secret-Productivity-Society-ebook,$7.99,2019-02-02,eat that frog,https://www.amazon.com/Procrastination-Illusion-Secret-Productivity-Society-ebook/dp/B01AR7CSZA,,,,,"Back In The Basement Publishing (January 17, 2016)",,,,,2195 KB,,100 pages,"January 17, 2016",Unlimited,,,
180,YIYEZI-Waterproof-Moisturizing-ColorLip-gloss-Lipstick,$1.69,2019-02-02,eat that frog,https://www.amazon.com/YIYEZI-Waterproof-Moisturizing-ColorLip-gloss-Lipstick/dp/B07N7GY31N,,,,,,True,,,,,,,,,,,
181,Stop-Procrastinating-Procrastination-Become-Productive,$7.99,2019-02-02,eat that frog,https://www.amazon.com/Stop-Procrastinating-Procrastination-Become-Productive/dp/1983611786,1983611786,978-1983611780,English,76 pages,"CreateSpace Independent Publishing Platform (January 6, 2018)",,,,,,,,,,,,
182,Stop-Procrastinating-Procrastination-Become-Productive-ebook,$2.99,2019-02-02,eat that frog,https://www.amazon.com/Stop-Procrastinating-Procrastination-Become-Productive-ebook/dp/B078SRT6LK,,,,,,True,,,,,,,,,,,
183,HighlifeS-Squishies-Rising-Colorful-Reliever,$4.99,2019-02-02,eat that frog,https://www.amazon.com/HighlifeS-Squishies-Rising-Colorful-Reliever/dp/B07DZW9VQR,,,,,,True,,,,,,,,,,,
184,Steps-Financial-Freedom-Emmanuel-Emovon,$12.00,2019-02-02,eat that frog,https://www.amazon.com/Steps-Financial-Freedom-Emmanuel-Emovon/dp/197673570X,197673570X,978-1976735707,English,110 pages,"Independently published (December 27, 2017)",,,,,,,,,,,,
185,Sleepy-Garden-Indoor-Outdoor-Decorative,$8.45,2019-02-02,eat that frog,https://www.amazon.com/Sleepy-Garden-Indoor-Outdoor-Decorative/dp/B07N3XCTFP,,,,,,True,,,,,,,,,,,
186,Business-Tagebuch-Notizbuch-Paperblank-blanko,$9.57,2019-02-02,eat that frog,https://www.amazon.com/Business-Tagebuch-Notizbuch-Paperblank-blanko/dp/1794433783,1794433783,978-1794433786,German,120 pages,"Independently published (January 19, 2019)",,,,,,,,,,,,
187,Fraggle-Rock-Season-04,$2.99,2019-02-02,eat that frog,https://www.amazon.com/Fraggle-Rock-Season-04/dp/B07H51V51X,,,,,,True,,,,,,,,,,,
188,SMALLTALK-gewinnen-Beliebtheit-steigern-beeinflussen,$10.55,2019-02-02,eat that frog,https://www.amazon.com/SMALLTALK-gewinnen-Beliebtheit-steigern-beeinflussen/dp/1791885446,,,,,,True,,,,,,,,,,,
189,SMALLTALK-gewinnen-Beliebtheit-steigern-beeinflussen-ebook,$4.55,2019-02-02,eat that frog,https://www.amazon.com/SMALLTALK-gewinnen-Beliebtheit-steigern-beeinflussen-ebook/dp/B07LFNZ9WB,,,,,,True,,,,,,,,,,,
190,Time-Management-Tips-Skyrocket-Productivity,$7.97,2019-02-02,eat that frog,https://www.amazon.com/Time-Management-Tips-Skyrocket-Productivity/dp/1732769710,1732769710,978-1732769717,English,148 pages,"Radiant Hope, LLC (October 8, 2018)",,,,,,,,,,,,
191,Time-Management-Tips-Skyrocket-Productivity-ebook,$3.49,2019-02-02,eat that frog,https://www.amazon.com/Time-Management-Tips-Skyrocket-Productivity-ebook/dp/B07J5KHCSL,,,,,,True,,,,,,,,,,,
192,Aqueon-Goldfish-Food-Flakes-7-12-Ounce,$4.11,2019-02-02,eat that frog,https://www.amazon.com/Aqueon-Goldfish-Food-Flakes-7-12-Ounce/dp/B00176GUUU,,,,,,True,,,,,,,,,,,
193,Eat-Smart-Weight-Healthy-Mastering,$8.57,2019-02-02,eat that frog,https://www.amazon.com/Eat-Smart-Weight-Healthy-Mastering/dp/1520727550,1520727550,978-1520727554,English,63 pages,"Independently published (November 26, 2013)",,,,,,,,,,,,
194,Eat-Smart-Weight-Healthy-Mastering-ebook,$3.69,2019-02-02,eat that frog,https://www.amazon.com/Eat-Smart-Weight-Healthy-Mastering-ebook/dp/B076CWCFFG,,,,,,True,,,,,,,,,,,
195,Procrastinating-komforta-povysheniya-lichnoy-effektivnosti,$40.03,2019-02-02,eat that frog,https://www.amazon.com/Procrastinating-komforta-povysheniya-lichnoy-effektivnosti/dp/5916579055,,,,,,True,,,,,,,,,,,
196,That-Frog-Brian-Tracy-2006-12-30,$112.61,2019-02-02,eat that frog,https://www.amazon.com/That-Frog-Brian-Tracy-2006-12-30/dp/B019TMIK88,,,,,,True,,,,,,,,,,,
197,Textbook-Wisdom-Shortcuts-Becoming-Wiser-ebook,$12.99,2019-02-02,eat that frog,https://www.amazon.com/Textbook-Wisdom-Shortcuts-Becoming-Wiser-ebook/dp/B07GRKJYJ3,,,,,,True,,,,,,,,,,,
198,Textbook-Wisdom-Shortcuts-Becoming-Wiser,$24.95,2019-02-02,eat that frog,https://www.amazon.com/Textbook-Wisdom-Shortcuts-Becoming-Wiser/dp/1785041924,,,,,,True,,,,,,,,,,,
199,Do-Ditch-Bev-James-ebook,$9.99,2019-02-02,eat that frog,https://www.amazon.com/Do-Ditch-Bev-James-ebook/dp/B006H4CYYS,,,,,"Virgin Digital (December 15, 2011)",,,,,2092 KB,0753546221,322 pages,"December 15, 2011",,,,
200,Do-Ditch-Ideas-Action-Decisions,$16.59,2019-02-02,eat that frog,https://www.amazon.com/Do-Ditch-Ideas-Action-Decisions/dp/0753539993,0753539993,978-0753539996,English,290 pages,"Virgin Books (July 1, 2011)",,,,,,,,,,,,
201,Live-Assassin-Snails-Clea-helena,$7.95,2019-02-02,eat that frog,https://www.amazon.com/Live-Assassin-Snails-Clea-helena/dp/B0049RK7QW,,,,,,True,,,,,,,,,,,
202,TANGCHEN-Fashion-Sleeve-Printed-Blouse,$28.35,2019-02-02,eat that frog,https://www.amazon.com/TANGCHEN-Fashion-Sleeve-Printed-Blouse/dp/B07CG714FP,,,,,,True,,,,,,,,,,,
203,Teacher-Created-Materials-Literary-10-Book,$43.36,2019-02-02,eat that frog,https://www.amazon.com/Teacher-Created-Materials-Literary-10-Book/dp/1493881248,,,,,,True,,,,,,,,,,,
204,Tracker-Children-Fitness-Holiday-Upgrade,$35.98,2019-02-02,eat that frog,https://www.amazon.com/Tracker-Children-Fitness-Holiday-Upgrade/dp/B07N2P1BW8,,,,,,True,,,,,,,,,,,
205,AMOFINY-Piggy-Animal-Automated-Steal,$75.13,2019-02-02,eat that frog,https://www.amazon.com/AMOFINY-Piggy-Animal-Automated-Steal/dp/B07N6B2HK3,,,,,,True,,,,,,,,,,,
206,Froglube-Paste-Cleaner-Lubricant-Protectant,$11.69,2019-02-02,eat that frog,https://www.amazon.com/Froglube-Paste-Cleaner-Lubricant-Protectant/dp/B004FOV89E,,,,,,True,,,,,,,,,,,
207,Sur-petition-Business-Formula-Competition-ebook,$9.99,2019-02-02,eat that frog,https://www.amazon.com/Sur-petition-Business-Formula-Competition-ebook/dp/B076B5P8K2,,,,,,True,,,,,,,,,,,
208,Surprising-Reasons-Should-More-celery-ebook,$2.99,2019-02-02,eat that frog,https://www.amazon.com/Surprising-Reasons-Should-More-celery-ebook/dp/B06ZZFMM4L,,,,,,True,,,,,,,,,,,
209,HOW-LIFE-HAPPINESS-ELIMINATE-STRESS-ebook,$2.99,2019-02-02,eat that frog,https://www.amazon.com/HOW-LIFE-HAPPINESS-ELIMINATE-STRESS-ebook/dp/B07DDC7564,,,,,,True,,,,,,,,,,,
210,bagshome-Capacity-Canvas-Holder-Student,$14.98,2019-02-02,eat that frog,https://www.amazon.com/bagshome-Capacity-Canvas-Holder-Student/dp/B07BJGFB16,,,,,,True,,,,,,,,,,,
211,Improve-Memory-Engage-Audience-Procrastination-ebook,$2.99,2019-02-02,eat that frog,https://www.amazon.com/Improve-Memory-Engage-Audience-Procrastination-ebook/dp/B00Z808IXI,,,,,"Jandalman Publishing (June 7, 2015)",,,,,2170 KB,,145 pages,"June 7, 2015",Unlimited,,,
212,Manimo-Weighted-Animal-2-5kg-Green,$41.84,2019-02-02,eat that frog,https://www.amazon.com/Manimo-Weighted-Animal-2-5kg-Green/dp/B072QGLT3P,,,,,,True,,,,,,,,,,,
213,Story-Brian-Tracy-Seven-Success-ebook,$2.99,2019-02-02,eat that frog,https://www.amazon.com/Story-Brian-Tracy-Seven-Success-ebook/dp/B00QYYF4LG,,,,,,True,,,,,,,,,,,
214,10-Keys-Success-Quick-Reads-ebook,$2.35,2019-02-02,eat that frog,https://www.amazon.com/10-Keys-Success-Quick-Reads-ebook/dp/B0033Y94SE,,,,,"Ebury Digital (September 4, 2008)",,,,,7400 KB,1407022970,96 pages,"September 4, 2008",,,,
215,10-Keys-Success-John-Bird,$4.20,2019-02-02,eat that frog,https://www.amazon.com/10-Keys-Success-John-Bird/dp/0091923824,,,,,,True,,,,,,,,,,,
216,Lasgidi-Entrepreneur-Dream-Struggles-Victory-ebook,$4.99,2019-02-02,eat that frog,https://www.amazon.com/Lasgidi-Entrepreneur-Dream-Struggles-Victory-ebook/dp/B00MTVHJH0,,,,,,True,,,,,,,,,,,
217,SLEEP-FROGS-Animal-Laptop-Sticker,$5.99,2019-02-02,eat that frog,https://www.amazon.com/SLEEP-FROGS-Animal-Laptop-Sticker/dp/B07L52BR1S,,,,,,True,,,,,,,,,,,
218,Raise-negotiating-promotion-earning-Reasons-ebook,$2.99,2019-02-02,eat that frog,https://www.amazon.com/Raise-negotiating-promotion-earning-Reasons-ebook/dp/B007HTL7VS,,,,,,True,,,,,,,,,,,
219,Procrastination-Anti-Procrastination-Overcome-Permanently-Productive-ebook,$2.99,2019-02-02,eat that frog,https://www.amazon.com/Procrastination-Anti-Procrastination-Overcome-Permanently-Productive-ebook/dp/B06XFN5QGC,,,,,,True,,,,,,,,,,,
220,Procrastination-Anti-Procrastination-Overcome-Permanently-Productive,$8.97,2019-02-02,eat that frog,https://www.amazon.com/Procrastination-Anti-Procrastination-Overcome-Permanently-Productive/dp/1544213980,1544213980,978-1544213989,English,58 pages,"CreateSpace Independent Publishing Platform (March 6, 2017)",,,,,,,,,,,,
221,Probiotic-Porridge-Blue-Frog-Breakfast,$14.99,2019-02-02,eat that frog,https://www.amazon.com/Probiotic-Porridge-Blue-Frog-Breakfast/dp/B07FC4SXNL,,,,,,True,,,,,,,,,,,
222,Naked-Leader-Experience-David-Taylor-ebook,$9.99,2019-02-02,eat that frog,https://www.amazon.com/Naked-Leader-Experience-David-Taylor-ebook/dp/B006X0M3K6,,,,,,True,,,,,,,,,,,
223,Naked-Leader-Experience-David-Taylor,$38.15,2019-02-02,eat that frog,https://www.amazon.com/Naked-Leader-Experience-David-Taylor/dp/0553816470,0553816470,978-0553816471,English,329 pages,"Transworld Pub (March 31, 2004)",,,,,,,,,,,,
224,Training-chopsticks-kids-adults-beginners,$10.99,2019-02-02,eat that frog,https://www.amazon.com/Training-chopsticks-kids-adults-beginners/dp/B079FKPBFY,,,,,,True,,,,,,,,,,,
225,Parenting-Childs-Play-Teenage-Years-ebook,$12.99,2019-02-02,eat that frog,https://www.amazon.com/Parenting-Childs-Play-Teenage-Years-ebook/dp/B0034KC3PS,,,,,,True,,,,,,,,,,,
226,The-HALO-Effect-Season-1,$2.99,2019-02-02,eat that frog,https://www.amazon.com/The-HALO-Effect-Season-1/dp/B01DJNAY6O,,,,,,True,,,,,,,,,,,
227,Resumen-Traguese-Ese-Sapo-Estrategias-ebook,$4.99,2019-02-02,eat that frog,https://www.amazon.com/Resumen-Traguese-Ese-Sapo-Estrategias-ebook/dp/B075R89DC3,,,,,,True,,,,,,,,,,,
228,Wyuhbgf65-Outdoor-Bathroom-Kitchen-Bedroom,$6.55,2019-02-02,eat that frog,https://www.amazon.com/Wyuhbgf65-Outdoor-Bathroom-Kitchen-Bedroom/dp/B07MD7Q6W7,,,,,,True,,,,,,,,,,,
229,Reasons-Eggplant-Dinner-Start-Today-ebook,$2.99,2019-02-02,eat that frog,https://www.amazon.com/Reasons-Eggplant-Dinner-Start-Today-ebook/dp/B06ZXYNZNX,,,,,,True,,,,,,,,,,,
230,Lipstick-Longay-Waterproof-Pumpkin-Vitamin,$0.70,2019-02-02,eat that frog,https://www.amazon.com/Lipstick-Longay-Waterproof-Pumpkin-Vitamin/dp/B07L4STGST,,,,,,True,,,,,,,,,,,
231,Seconds-Rule-Successful-Individual-Transform-ebook,$2.99,2019-02-02,eat that frog,https://www.amazon.com/Seconds-Rule-Successful-Individual-Transform-ebook/dp/B07J3J6ZBM,,,,,,True,,,,,,,,,,,
232,Childrens-Book-Superhero-Bedtime-Dreaming-ebook,$0.99,2019-02-02,eat that frog,https://www.amazon.com/Childrens-Book-Superhero-Bedtime-Dreaming-ebook/dp/B019FKGGJE,,,,,"wise secret publisher (December 15, 2015)",,,,,1830 KB,,49 pages,"December 15, 2015",Unlimited,,,
233,Aqueon-Goldfish-Food-Granules-5-8-Ounce,$3.79,2019-02-02,eat that frog,https://www.amazon.com/Aqueon-Goldfish-Food-Granules-5-8-Ounce/dp/B00176GXOI,,,,,,True,,,,,,,,,,,
234,Get-More-Done-Less-Time-ebook,$2.99,2019-02-02,eat that frog,https://www.amazon.com/Get-More-Done-Less-Time-ebook/dp/B01E2KVOOO,,,,,,True,,,,,,,,,,,
235,Next-Big-Idea-Carol-Kennedy-ebook,$10.99,2019-02-02,eat that frog,https://www.amazon.com/Next-Big-Idea-Carol-Kennedy-ebook/dp/B007W1BQ8A,,,,,,True,,,,,,,,,,,
236,Get-your-golden-egg-procrastination-ebook,$0.00,2019-02-02,eat that frog,https://www.amazon.com/Get-your-golden-egg-procrastination-ebook/dp/B07JGDP44S,,,,,,True,,,,,,,,,,,
237,Cricket-Dubia-Roach-Colony-Starter,$23.97,2019-02-02,eat that frog,https://www.amazon.com/Cricket-Dubia-Roach-Colony-Starter/dp/B07M7YMRLW,,,,,,True,,,,,,,,,,,
238,Billy-Seagulls-Mr-Paul-May,$6.14,2019-02-02,eat that frog,https://www.amazon.com/Billy-Seagulls-Mr-Paul-May/dp/0552568740,0552568740,,English,112 pages,"Young Corgi (December 2, 2013)",,,,,,,,,,,,9 - 11 years<br/>
239,Ultimate-Goals-Program-Brian-Tracy,$39.95,2019-02-02,eat that frog,https://www.amazon.com/Ultimate-Goals-Program-Brian-Tracy/dp/1905953127,,,,,,True,,,,,,,,,,,
240,TANGCHEN-Fashion-Sleeve-Printed-Blouse,$28.35,2019-02-02,eat that frog,https://www.amazon.com/TANGCHEN-Fashion-Sleeve-Printed-Blouse/dp/B07CG58VQL,,,,,,True,,,,,,,,,,,
241,Goals-S-M-R-T-Everything-Principles-ebook,$2.99,2019-02-02,eat that frog,https://www.amazon.com/Goals-S-M-R-T-Everything-Principles-ebook/dp/B00UTUMAKY,,,,,,True,,,,,,,,,,,
242,Goals-S-M-R-T-Everything-Principles,$12.99,2019-02-02,eat that frog,https://www.amazon.com/Goals-S-M-R-T-Everything-Principles/dp/1508920605,,,,,,True,,,,,,,,,,,
243,Perfect-Consultant-Right-First-perfect-ebook,$7.10,2019-02-02,eat that frog,https://www.amazon.com/Perfect-Consultant-Right-First-perfect-ebook/dp/B00667L7B2,,,,,,True,,,,,,,,,,,
244,PR-Power-Inside-Secrets-Business-ebook,$10.99,2019-02-02,eat that frog,https://www.amazon.com/PR-Power-Inside-Secrets-Business-ebook/dp/B006K26B5K,,,,,,True,,,,,,,,,,,
245,PR-Power-Inside-Secrets-Business,$13.74,2019-02-02,eat that frog,https://www.amazon.com/PR-Power-Inside-Secrets-Business/dp/0753509040,0753509040,,English,288 pages,"Virgin Books (June 1, 2005)",,,,,,,,,,Virgin Business Guides<br/>,,
246,Understanding-Business-Century-business-Dowell-ebook,$12.99,2019-02-02,eat that frog,https://www.amazon.com/Understanding-Business-Century-business-Dowell-ebook/dp/B00CQ1DMQA,,,,,,True,,,,,,,,,,,
247,Understanding-Business-Century-Philip-Dowell,$47.00,2019-02-02,eat that frog,https://www.amazon.com/Understanding-Business-Century-Philip-Dowell/dp/0712678999,0712678999,,English,,Random House Business Books (May 1998),,,192 pages,,,,,,,Century Business<br/>,,
248,Terms-Employment-secret-lingo-workplace-ebook,$12.99,2019-02-02,eat that frog,https://www.amazon.com/Terms-Employment-secret-lingo-workplace-ebook/dp/B00943J1FO,,,,,,True,,,,,,,,,,,
249,Batteries-Included-Creating-Legendary-Service-ebook,$17.99,2019-02-02,eat that frog,https://www.amazon.com/Batteries-Included-Creating-Legendary-Service-ebook/dp/B007ROG9CU,,,,,"Cornerstone Digital; New Ed edition (April 24, 2012)",,,,,1591 KB,0712680683,290 pages,"April 24, 2012",,,,
250,Batteries-Included-Creating-Legendary-Service,$37.95,2019-02-02,eat that frog,https://www.amazon.com/Batteries-Included-Creating-Legendary-Service/dp/0712680683,0712680683,,English,288 pages,"Random House UK; First Edition edition (June 1, 2001)",,,,,,,,,,Creating Legendary Service<br/>,,
251,Fmos-Guide-Running-Your-Business-ebook,$15.99,2019-02-02,eat that frog,https://www.amazon.com/Fmos-Guide-Running-Your-Business-ebook/dp/B007Q25WEY,,,,,,True,,,,,,,,,,,
252,Internet-Consumer-Bible-Tess-Read-ebook,$9.99,2019-02-02,eat that frog,https://www.amazon.com/Internet-Consumer-Bible-Tess-Read-ebook/dp/B007KP2MIQ,,,,,,True,,,,,,,,,,,
253,Internet-Consumer-Bible-Read,$24.08,2019-02-02,eat that frog,https://www.amazon.com/Internet-Consumer-Bible-Read/dp/0712671978,,,,,,True,,,,,,,,,,,
254,Managing-Empowerment-David-Jenkins-ebook,$15.99,2019-02-02,eat that frog,https://www.amazon.com/Managing-Empowerment-David-Jenkins-ebook/dp/B0069SQ2VI,,,,,,True,,,,,,,,,,,
255,Perfect-Executive-Health-Right-perfect-ebook,$7.10,2019-02-02,eat that frog,https://www.amazon.com/Perfect-Executive-Health-Right-perfect-ebook/dp/B00667HEZ0,,,,,,True,,,,,,,,,,,
256,Perfect-Executive-Health-Andrew-Melhuish,$28.98,2019-02-02,eat that frog,https://www.amazon.com/Perfect-Executive-Health-Andrew-Melhuish/dp/0099175827,0099175827,,English,128 pages,"ARROW (February 20, 1997)",,,,,,,,,,The Perfect Series<br/>,,
257,WEIJIJ-Card-Eat-Children-Intelligence-Educational,$7.99,2019-02-02,eat that frog,https://www.amazon.com/WEIJIJ-Card-Eat-Children-Intelligence-Educational/dp/B07FVPYJL3,,,,,,True,,,,,,,,,,,
258,Frog-Lube-FrogTube-Solvent-Extreme,$36.41,2019-02-02,eat that frog,https://www.amazon.com/Frog-Lube-FrogTube-Solvent-Extreme/dp/B07N47ZPL8,,,,,,True,,,,,,,,,,,
259,SLEEP-FROG-Laptop-Sticker-Decal,$3.93,2019-02-02,eat that frog,https://www.amazon.com/SLEEP-FROG-Laptop-Sticker-Decal/dp/B07L4Z59SF,,,,,,True,,,,,,,,,,,
260,frog-Changing-Hashtag-Sturdy-Ceramic,$22.89,2019-02-02,eat that frog,https://www.amazon.com/frog-Changing-Hashtag-Sturdy-Ceramic/dp/B01J36FAF6,,,,,,True,,,,,,,,,,,
261,Unicorn-Candy-Pastel-Jelly-Beans,$5.95,2019-02-02,eat that frog,https://www.amazon.com/Unicorn-Candy-Pastel-Jelly-Beans/dp/B06XTVL52Y,,,,,,True,,,,,,,,,,,
262,Hockey-Garden-Indoor-Outdoor-Decorative,$8.45,2019-02-02,eat that frog,https://www.amazon.com/Hockey-Garden-Indoor-Outdoor-Decorative/dp/B07MPY9M2S,,,,,,True,,,,,,,,,,,
263,YIYEZI-Waterproof-Lip-gloss-Moisturizing-Lipstick,$1.69,2019-02-02,eat that frog,https://www.amazon.com/YIYEZI-Waterproof-Lip-gloss-Moisturizing-Lipstick/dp/B07N6H7RBY,,,,,,True,,,,,,,,,,,
264,TANGCHEN-Fashion-Sleeve-Printed-Blouse,$28.35,2019-02-02,eat that frog,https://www.amazon.com/TANGCHEN-Fashion-Sleeve-Printed-Blouse/dp/B07CG3FLCP,,,,,,True,,,,,,,,,,,
265,Neoprene-Insulated-Lunchbox-Resistant-Container,$12.99,2019-02-02,eat that frog,https://www.amazon.com/Neoprene-Insulated-Lunchbox-Resistant-Container/dp/B07743RFWC,,,,,,True,,,,,,,,,,,
266,Uglyfrog-Racewear-Downhill-Offroad-Mountain,$39.99,2019-02-02,eat that frog,https://www.amazon.com/Uglyfrog-Racewear-Downhill-Offroad-Mountain/dp/B07L6V5MZT,,,,,,True,,,,,,,,,,,
267,SLEEP-FROGS-Animal-Laptop-Sticker,$3.93,2019-02-02,eat that frog,https://www.amazon.com/SLEEP-FROGS-Animal-Laptop-Sticker/dp/B07L51W66N,,,,,,True,,,,,,,,,,,
268,YUEHUA-Comfortable-Reading-Frogs-Baseball,$16.35,2019-02-02,eat that frog,https://www.amazon.com/YUEHUA-Comfortable-Reading-Frogs-Baseball/dp/B07CBN8G3Y,,,,,,True,,,,,,,,,,,
269,Hipat-Plastic-Cartoon-Serving-Storage,$7.99,2019-02-02,eat that frog,https://www.amazon.com/Hipat-Plastic-Cartoon-Serving-Storage/dp/B078FRX6LP,,,,,,True,,,,,,,,,,,
270,Tetra-16485-Vibrance-Sticks-Pound,$13.49,2019-02-02,eat that frog,https://www.amazon.com/Tetra-16485-Vibrance-Sticks-Pound/dp/B00025K0XA,,,,,,True,,,,,,,,,,,
271,Nature-Gift-Store-Leopard-Tadpole,$7.90,2019-02-02,eat that frog,https://www.amazon.com/Nature-Gift-Store-Leopard-Tadpole/dp/B077R924S9,,,,,,True,,,,,,,,,,,
272,HENGJIA-Snakehead-Topwater-Simulation-artificial,$10.88,2019-02-02,eat that frog,https://www.amazon.com/HENGJIA-Snakehead-Topwater-Simulation-artificial/dp/B07C3FRNL5,,,,,,True,,,,,,,,,,,
273,JELL-Play-Jungle-Cutters-Pack,$20.86,2019-02-02,eat that frog,https://www.amazon.com/JELL-Play-Jungle-Cutters-Pack/dp/B07D17FL19,,,,,,True,,,,,,,,,,,
274,YUEHUA-Kermit-Adjustable-Baseball-ColorName,$16.35,2019-02-02,eat that frog,https://www.amazon.com/YUEHUA-Kermit-Adjustable-Baseball-ColorName/dp/B07C84Z6JR,,,,,,True,,,,,,,,,,,
275,eatpork-Vinyl-Sticker-Decal-outdoor,$4.99,2019-02-02,eat that frog,https://www.amazon.com/eatpork-Vinyl-Sticker-Decal-outdoor/dp/B01FRC9QMI,,,,,,True,,,,,,,,,,,
276,SONiKi-Organizer-Floating-Bathtime-Bathroom,$9.99,2019-02-02,eat that frog,https://www.amazon.com/SONiKi-Organizer-Floating-Bathtime-Bathroom/dp/B07DKY5G8C,,,,,,True,,,,,,,,,,,
277,Toad-House-Frame-Shaped-Wisconsin,$19.99,2019-02-02,eat that frog,https://www.amazon.com/Toad-House-Frame-Shaped-Wisconsin/dp/B00B6TLZ4Y,,,,,,True,,,,,,,,,,,
278,FrogLube-Clamshell-System-Solvent-Extreme,$24.77,2019-02-02,eat that frog,https://www.amazon.com/FrogLube-Clamshell-System-Solvent-Extreme/dp/B00CYMP0ZW,,,,,,True,,,,,,,,,,,
279,Black-Forest-Ferrara-Natural-Artificial,$8.82,2019-02-02,eat that frog,https://www.amazon.com/Black-Forest-Ferrara-Natural-Artificial/dp/B000JZEABG,,,,,,True,,,,,,,,,,,
280,TANGCHEN-Fashion-Sleeve-Printed-Blouse,$28.35,2019-02-02,eat that frog,https://www.amazon.com/TANGCHEN-Fashion-Sleeve-Printed-Blouse/dp/B07C6ZKHGW,,,,,,True,,,,,,,,,,,
281,Bariatric-Flatware-Stainless-pieces-2-carrying,$15.99,2019-02-02,eat that frog,https://www.amazon.com/Bariatric-Flatware-Stainless-pieces-2-carrying/dp/B075WZHGGL,,,,,,True,,,,,,,,,,,
282,TetraPond-Pond-Sticks-Fish-Goldfish,$21.29,2019-02-02,eat that frog,https://www.amazon.com/TetraPond-Pond-Sticks-Fish-Goldfish/dp/B00025K0WQ,,,,,,True,,,,,,,,,,,
283,DEESEE-TM-Metallic-Lip-gloss-Lipstick,$2.29,2019-02-02,eat that frog,https://www.amazon.com/DEESEE-TM-Metallic-Lip-gloss-Lipstick/dp/B072XFHNH1,,,,,,True,,,,,,,,,,,
284,Uglyfrog-Thermal-Downhill-Offroad-Motocross,$42.99,2019-02-02,eat that frog,https://www.amazon.com/Uglyfrog-Thermal-Downhill-Offroad-Motocross/dp/B07M9GM4SN,,,,,,True,,,,,,,,,,,
285,YUEHUA-Comfortable-Smile-Along-Baseball,$16.35,2019-02-02,eat that frog,https://www.amazon.com/YUEHUA-Comfortable-Smile-Along-Baseball/dp/B07C1H84NL,,,,,,True,,,,,,,,,,,
286,Lojaon-Tumbler-Stainless-Bottles-Portable,$21.36,2019-02-02,eat that frog,https://www.amazon.com/Lojaon-Tumbler-Stainless-Bottles-Portable/dp/B07N183S1H,,,,,,True,,,,,,,,,,,
287,Assorted-Material-Stretches-Learning-Realistic,$13.97,2019-02-02,eat that frog,https://www.amazon.com/Assorted-Material-Stretches-Learning-Realistic/dp/B01EYIPZZS,,,,,,True,,,,,,,,,,,
288,got-frog-Changing-Sturdy-Ceramic,$22.89,2019-02-02,eat that frog,https://www.amazon.com/got-frog-Changing-Sturdy-Ceramic/dp/B01J34DTTC,,,,,,True,,,,,,,,,,,
289,Hape-E0209-Feed-Bath-Multicolor,$21.99,2019-02-02,eat that frog,https://www.amazon.com/Hape-E0209-Feed-Bath-Multicolor/dp/B07B4ZW3S7,,,,,,True,,,,,,,,,,,
290,Waterproof-Lipstick-OOEOO-Pumpkin-Vitamin,$0.67,2019-02-02,eat that frog,https://www.amazon.com/Waterproof-Lipstick-OOEOO-Pumpkin-Vitamin/dp/B07G2VQCRN,,,,,,True,,,,,,,,,,,
291,Heavy-Sleeper-Weighted-Blanket-Adults,$39.00,2019-02-02,eat that frog,https://www.amazon.com/Heavy-Sleeper-Weighted-Blanket-Adults/dp/B07JMCPSW6,,,,,,True,,,,,,,,,,,
292,One-Legging-Around-Frog-XXX-Large,$14.85,2019-02-02,eat that frog,https://www.amazon.com/One-Legging-Around-Frog-XXX-Large/dp/B07G6B5MRL,,,,,,True,,,,,,,,,,,
293,JELL-Play-Jungle-Cutters-Kit,$2.88,2019-02-02,eat that frog,https://www.amazon.com/JELL-Play-Jungle-Cutters-Kit/dp/B07CZCB4ZY,,,,,,True,,,,,,,,,,,
294,Insectsales-com-Live-100-Giant-Mealworms,$11.50,2019-02-02,eat that frog,https://www.amazon.com/Insectsales-com-Live-100-Giant-Mealworms/dp/B07JCLM78G,,,,,,True,,,,,,,,,,,
295,Rebel-Frog-R-Lures-8-Inch-16-Ounce,$3.99,2019-02-02,eat that frog,https://www.amazon.com/Rebel-Frog-R-Lures-8-Inch-16-Ounce/dp/B007BDH5Z2,,,,,,True,,,,,,,,,,,
296,Baby-Shrimp-Food-Essential-Microbial,$8.95,2019-02-02,eat that frog,https://www.amazon.com/Baby-Shrimp-Food-Essential-Microbial/dp/B07H899WH3,,,,,,True,,,,,,,,,,,
297,StickerTalk-Bumper-Sticker-Window-Stickers,$5.99,2019-02-02,eat that frog,https://www.amazon.com/StickerTalk-Bumper-Sticker-Window-Stickers/dp/B00G5M9832,,,,,,True,,,,,,,,,,,
298,One-Legging-Around-got-Frog,$14.85,2019-02-02,eat that frog,https://www.amazon.com/One-Legging-Around-got-Frog/dp/B07G6B4TPG,,,,,,True,,,,,,,,,,,
299,Silicone-Sippy-Bundle-Wrapped-Green,$35.00,2019-02-02,eat that frog,https://www.amazon.com/Silicone-Sippy-Bundle-Wrapped-Green/dp/B07KL4SFQB,,,,,,True,,,,,,,,,,,
300,got-frog-Stainless-Steel-Camping,$14.99,2019-02-02,eat that frog,https://www.amazon.com/got-frog-Stainless-Steel-Camping/dp/B07N9PBL1J,,,,,,True,,,,,,,,,,,
301,Zilla-Reptile-Munchies-Shrimp-2-Ounce,$5.69,2019-02-02,eat that frog,https://www.amazon.com/Zilla-Reptile-Munchies-Shrimp-2-Ounce/dp/B00NOLTBTI,,,,,,True,,,,,,,,,,,
302,Uglyfrog-Thermal-Downhill-Offroad-Cycling,$42.99,2019-02-02,eat that frog,https://www.amazon.com/Uglyfrog-Thermal-Downhill-Offroad-Cycling/dp/B07MN4FTZ6,,,,,,True,,,,,,,,,,,
303,iBonny-Stuffed-Electronic-Interactive-Children,$18.99,2019-02-02,eat that frog,https://www.amazon.com/iBonny-Stuffed-Electronic-Interactive-Children/dp/B07G45JZVF,,,,,,True,,,,,,,,,,,
304,Uglyfrog-Thermal-Downhill-Offroad-Motocross,$42.99,2019-02-02,eat that frog,https://www.amazon.com/Uglyfrog-Thermal-Downhill-Offroad-Motocross/dp/B07MN3BRZ1,,,,,,True,,,,,,,,,,,
305,YUEHUA-Cool-Kermit-Along-Baseball,$15.71,2019-02-02,eat that frog,https://www.amazon.com/YUEHUA-Cool-Kermit-Along-Baseball/dp/B07C1LP2PJ,,,,,,True,,,,,,,,,,,
306,dp,$14.98,2019-02-02,eat that frog,https://www.amazon.com/dp/B07NC8XY2R,,,,,,True,,,,,,,,,,,
307,BABBY-Bodysuit-Newborn-Various-Species,$17.50,2019-02-02,eat that frog,https://www.amazon.com/BABBY-Bodysuit-Newborn-Various-Species/dp/B07L93WFLP,,,,,,True,,,,,,,,,,,
308,Insectsales-com-Banana-Worms-Producing-Cultures,$9.99,2019-02-02,eat that frog,https://www.amazon.com/Insectsales-com-Banana-Worms-Producing-Cultures/dp/B01LZ2RCX8,,,,,,True,,,,,,,,,,,
309,Heightening-Detachable-Adjustable-Childrens-Decorative,$17.79,2019-02-02,eat that frog,https://www.amazon.com/Heightening-Detachable-Adjustable-Childrens-Decorative/dp/B07M99RL9G,,,,,,True,,,,,,,,,,,
310,dp,$14.99,2019-02-02,eat that frog,https://www.amazon.com/dp/B07NC3NMD8,,,,,,True,,,,,,,,,,,
311,Uglyfrog-Racewear-Downhill-Motocross-Offroad,$39.99,2019-02-02,eat that frog,https://www.amazon.com/Uglyfrog-Racewear-Downhill-Motocross-Offroad/dp/B07L6VQ7D9,,,,,,True,,,,,,,,,,,
312,API-GOLDFISH-PELLETS-4-Ounce-Container,$4.17,2019-02-02,eat that frog,https://www.amazon.com/API-GOLDFISH-PELLETS-4-Ounce-Container/dp/B005XDCMLO,,,,,,True,,,,,,,,,,,
313,iPrint-Christmas-Decoration-Melancholic-Expression,$16.90,2019-02-02,eat that frog,https://www.amazon.com/iPrint-Christmas-Decoration-Melancholic-Expression/dp/B07HWQR7Y7,,,,,,True,,,,,,,,,,,
314,Reeeeee-Shirt-Funny-Kekistan-T-Shirt,$17.99,2019-02-02,eat that frog,https://www.amazon.com/Reeeeee-Shirt-Funny-Kekistan-T-Shirt/dp/B07FPBB2H1,,,,,,True,,,,,,,,,,,
315,frog-Stainless-Steel-Hashtag-Camping,$14.98,2019-02-02,eat that frog,https://www.amazon.com/frog-Stainless-Steel-Hashtag-Camping/dp/B07N9X2DQY,,,,,,True,,,,,,,,,,,
316,Carson-Dellosa-168037-Frogs,$7.19,2019-02-02,eat that frog,https://www.amazon.com/Carson-Dellosa-168037-Frogs/dp/1604189878,,,,,,True,,,,,,,,,,,
317,Uglyfrog-Downhill-Jersey-Cycling-Mountain,$37.99,2019-02-02,eat that frog,https://www.amazon.com/Uglyfrog-Downhill-Jersey-Cycling-Mountain/dp/B07L64BX85,,,,,,True,,,,,,,,,,,
318,Beard-Beards-Yours-Breakfast-T-Shirt,$17.99,2019-02-02,eat that frog,https://www.amazon.com/Beard-Beards-Yours-Breakfast-T-Shirt/dp/B07MKKM7TR,,,,,,True,,,,,,,,,,,
319,Lamont-Rhea-Messenger-Shoulder-Backpack,$28.99,2019-02-02,eat that frog,https://www.amazon.com/Lamont-Rhea-Messenger-Shoulder-Backpack/dp/B07J6G9661,,,,,,True,,,,,,,,,,,
320,hongwenjy-Cartoon-Trucker-Adjustable-Unisex,$6.99,2019-02-02,eat that frog,https://www.amazon.com/hongwenjy-Cartoon-Trucker-Adjustable-Unisex/dp/B07K2X4175,,,,,,True,,,,,,,,,,,
321,Frog-Coffee-Mug-Because-Whatever,$14.99,2019-02-02,eat that frog,https://www.amazon.com/Frog-Coffee-Mug-Because-Whatever/dp/B07MYL1JWS,,,,,,True,,,,,,,,,,,
322,got-frog-Sturdy-Stainless-Travel,$22.89,2019-02-02,eat that frog,https://www.amazon.com/got-frog-Sturdy-Stainless-Travel/dp/B01IZGQVLC,,,,,,True,,,,,,,,,,,
